id,titre,portail,pays,type_api,organisation,url,tags,last_update,license,description
6663269a7683aed116fd0fb6,Zones sensibles - Réunion,France,🇫🇷,udata,Système d'Information sur l'Eau,https://www.data.gouv.fr/datasets/zones-sensibles-reunion-1,"actions-sur-leau-reponses-zonage-reglementaire-redevance-actions-volontaires, directive-91-271-eec, donnees-de-references-referentiels-vocabulaire-controle, donnees-ouvertes, eau-residuaire-urbaine, environment, france, hvd, observation-de-la-terre-et-environnement, politique-de-lenvironnement",2016-05-25T00:00:00+00:00,lov2,"L'article R211-94 du code de l'environnement, transposant dans le droit français l'article 5 et l'annexe II de la directive Eaux Résiduelles Urbaines (91/271/EEC UWWT) définit les zones sensibles comme les masses d'eau particulièrement sensibles aux pollutions, notamment celles d"
6997a50943cdf14439f1e1b2,Litto3D Réunion 2016,France,🇫🇷,udata,Shom,https://www.data.gouv.fr/datasets/litto3d-reunion-2016,"donnees-ouvertes, open-data, product, produit",2026-09-16T00:54:57.285000+00:00,lov2,"Le produit Litto3D est une base de données altimétrique unique et continue terre-mer donnant une représentation tridimensionnelle de la forme et de la position du sol sur la frange littorale du territoire français. Une ligne de partage des zones d'acquisition entre terre et mer, "
66602810a144ab7ce79fc8f4,Etablissements Seveso - Réunion,France,🇫🇷,udata,Bureau de Recherches Géologiques et Minières,https://www.data.gouv.fr/datasets/etablissements-seveso-reunion-3,"donnees-ouvertes, georisques, icpe, installations-classees, seveso",2024-06-05T08:55:44.745000+00:00,notspecified,La directive a pour objet la prévention des accidents majeurs impliquant des substances dangereuses et la limitation de leurs conséquences pour l'homme et l'environnement. Le jeu de données géographiques SEVESO permet de localiser l'ensemble des établissements SEVESO en France. U
666326df7683aed116fd1003,Stations hydrométriques - Réunion,France,🇫🇷,udata,Système d'Information sur l'Eau,https://www.data.gouv.fr/datasets/stations-hydrometriques-reunion-1,"debit, donnees-de-references-referentiels-vocabulaire-controle, donnees-ouvertes, eaux-interieures-de-surface-rivieres-et-lacs, environment, etat-du-milieu-qualite-et-quantite, france, hvd, hydrometrie, installations-de-suivi-environnemental",2022-12-02T00:00:00+00:00,lov2,"Appareil installé sur un site afin d'observer et de mesurer une grandeur spécifique lié à l'hydrologie (hauteur ou débit). Il s'agit généralement d'une échelle limnimétrique qui permet l'observation de la hauteur d'eau.

Une station peut porter une hauteur et/ou un débit (directe"
60240e4dd9067be9f27a57e2,Pylônes HTB - Réunion,France,🇫🇷,udata,EDF Systèmes Energétiques Insulaires,https://www.data.gouv.fr/datasets/pylones-htb-reunion,"cartographie-des-reseaux, htb, lignes, pylones, reseau",2024-10-28T13:15:17.905000+00:00,lov2,"_[__Les données de cartographie des réseaux électriques ont été mises à jour afin de renforcer la sécurité publique.]_

Ce jeu de données représente la position des pylônes HTB sur l’ensemble du réseau électrique exploité par EDF sur l'île de la Réunion.  


Ces données sont publ"
666326eb7683aed116fd1012,Entités Hydrogéologiques - Réunion,France,🇫🇷,udata,Système d'Information sur l'Eau,https://www.data.gouv.fr/datasets/entites-hydrogeologiques-reunion-1,"bdlisa, donnees-de-references-referentiels-vocabulaire-controle, donnees-ouvertes, eau-souterraine-hydrogeologie, eaux-souterraines-nappes-deau, environment, france, geologie, hvd, nappe-phreatique",2022-10-10T13:43:37+00:00,lov2,"L’entité hydrogéologique est une partie de l’espace géologique, aquifère ou non aquifère, correspondant à un système physique caractérisé au regard de son état et de ses caractéristiques hydrogéologiques.

L’entité hydrogéologique doit être appréhendée au sens systémique et corre"
691ef2d50578cfa0e395d24e,Borne RSM REUNION EXPERTISE,France,🇫🇷,udata,ezdrive,https://www.data.gouv.fr/datasets/borne-rsm-reunion-expertise,,2026-01-22T13:22:53.635000+00:00,notspecified,"3 borne type AC, AUTEL, MaxiChargerAC dont 1 borne (22kW) et 2 borne (7kW) en accès publique

Situé au 95 Chemin Pente Sassy 97440 Saint-André
"
597b4520c751df07157f54ec,Obstacles à l'écoulement - Réunion,France,🇫🇷,udata,Système d'Information sur l'Eau,https://www.data.gouv.fr/datasets/obstacles-a-lecoulement-reunion,"donnees-de-references-referentiels-vocabulaire-controle, donnees-ouvertes, eaux-interieures-de-surface-rivieres-et-lacs, environment, france, hvd, hydrographie, observation-de-la-terre-et-environnement, ouvrage, politique-de-lenvironnement",2026-10-01T06:05:09+00:00,lov2,"Un obstacle à l’écoulement est un ouvrage lié à l’eau qui est à l’origine d’une modification de l’écoulement des eaux de surface (dans les talwegs, lits mineurs et majeurs de cours d'eau et zones de submersion marine). Seuls les obstacles artificiels (provenant de l’activité huma"
680198a993473505d4622e5f,Ouvrages de prélèvement - Réunion,France,🇫🇷,udata,Système d'Information sur l'Eau,https://www.data.gouv.fr/datasets/ouvrages-de-prelevement-reunion-1,"donnees-ouvertes, eau-de-surface, eau-souterraine, eaux-souterraines, france, gestion-de-la-quantite-deau, gestion-des-ressources-en-eau, opr, prelevement, prelevement-deau",2026-08-27T13:43:37+00:00,lov2,"Référentiel construit à partir des ouvrages de prélèvement issus des déclarations des préleveurs dans le cadre de la redevance sur l'eau.

Un ouvrage de prélèvement désigne un ensemble de dispositifs techniques de captage, de stockage et de canalisation d’eau, provenant d’une res"
666327527683aed116fd106f,BD Carthage Réunion - 2012,France,🇫🇷,udata,Système d'Information sur l'Eau,https://www.data.gouv.fr/datasets/bd-carthage-reunion-2012,"donnees-de-references-referentiels-vocabulaire-controle, donnees-ouvertes, eau-de-surface, eaux-interieures-de-surface-rivieres-et-lacs, environment, hvd, hydrographie, observation-de-la-terre-et-environnement, politique-de-lenvironnement, reunion",2012-04-03T00:00:00+00:00,lov2,La BD CarTHAgE ® (Base de Données sur la CARtographie THématique des AGences de l'eau et du ministère chargé de l'environnement) est le fruit de la volonté nationale de disposer d'un système de repérage spatial des milieux aquatiques superficiels pour la France. Elle est produite
6a31e46006e8829296e123e1,BD Topage® - Réunion 2026,France,🇫🇷,udata,Système d'Information sur l'Eau,https://www.data.gouv.fr/datasets/bd-topage-r-reunion-2026,"bd-topage, eaux-de-surface, environnement, hvd, hydrographie, observation-de-la-terre-et-environnement, reunion, science-et-technologie",2026-09-01T21:28:20.296000+00:00,lov2,"BD Topage® Réunion 2026

Le référentiel hydrographique vise à décrire les entités hydrographiques présentes sur le territoire français afin de constituer un référentiel national permettant de localiser des données relatives à l’eau.

La BD TOPAGE® vise à passer d’un référentiel h"
61b930330cd39c2a388b8eb2,Lignes haute tension (HTA souterrain) - Réunion,France,🇫🇷,udata,EDF Systèmes Energétiques Insulaires,https://www.data.gouv.fr/datasets/lignes-haute-tension-hta-souterrain-reunion,"cartographie-des-reseaux, hta, lignes, reseau, souterrain",2024-10-28T13:14:46.889000+00:00,lov2,"Ce jeu de données présente l'ensemble des lignes haute tension (HTA) souterraines de La Réunion. 

Ces données sont publiées à titre purement indicatif, EDF ne peut garantir leur exactitude et leur exhaustivité. Des mises à jour seront publiées régulièrement."
5fa5e388aafc7b48e11d25e6,Idéo-Actions de dispositif-La Réunion,France,🇫🇷,udata,Office national d'information sur les enseignements et les professions,https://www.data.gouv.fr/datasets/ideo-actions-de-dispositif-la-reunion,,2026-10-02T23:00:10.328000+00:00,odc-odbl,"Une « **Action de dispositif** » (AD) au sens Onisep est une action éducative mise en œuvre dans un établissement scolaire pour un public déterminé, qu’il s’agisse d’une action d’« inclusion » favorisant l’égalité des chances ou d’une action d’« adaptation » proposée sur une clas"
5522776888ee38028145f4fd,Cours d'eau - Réunion 2012 - BD Carthage,France,🇫🇷,udata,Système d'Information sur l'Eau,https://www.data.gouv.fr/datasets/cours-deau-reunion-2012-bd-carthage,"bd-carthage, donnees-de-references-referentiels-vocabulaire-controle, donnees-ouvertes, eau-de-surface, eaux-interieures-de-surface-rivieres-et-lacs, environment, france, hvd, hydrographie, observation-de-la-terre-et-environnement",2026-10-03T04:45:16.101000+00:00,lov2,"Le concept principal du découpage hydrographique est l’entité hydrographique définie par la circulaire n°91-50.

L’entité hydrographique est un cours d’eau naturel ou aménagé, un bras naturel ou aménagé, une voie d’eau artificielle (canal,…), un plan d’eau ou une ligne littorale."
60240e4c360fd519bf7ce5a4,Lignes haute tension (HTA aérien) - Réunion,France,🇫🇷,udata,EDF Systèmes Energétiques Insulaires,https://www.data.gouv.fr/datasets/lignes-haute-tension-hta-aerien-reunion,"aerien, cartographie-des-reseaux, hta, lignes, reseau",2024-10-28T13:19:32.990000+00:00,lov2,"Ce jeu de données présente l'ensemble des lignes haute tension (HTA) aériennes de l'île de la Réunion. 

Ces données sont publiées à titre purement indicatif, EDF ne peut garantir leur exactitude et leur exhaustivité. Des mises à jour seront publiées régulièrement. 

  


Mis a j"
61b930311cfa3133a88b8eb6,Lignes basse tension (BT souterrain) - Réunion,France,🇫🇷,udata,EDF Systèmes Energétiques Insulaires,https://www.data.gouv.fr/datasets/lignes-basse-tension-bt-souterrain-reunion,"bt, cartographie-des-reseaux, lignes, reseau, souterrain",2024-10-28T13:14:03.942000+00:00,lov2,"Ce jeu de données présente l'ensemble des lignes basse tension (BT) souterraines de La Réunion.  
Ces données sont publiées à titre purement indicatif, EDF ne peut garantir leur exactitude et leur exhaustivité. Des mises à jour seront publiées régulièrement."
6756b820d6f163559eab2817,DCE – Bassin La Réunion - État Écologique,France,🇫🇷,udata,Institut français de recherche pour l'exploitation de la mer (IFREMER),https://www.data.gouv.fr/datasets/dce-bassin-la-reunion-etat-ecologique-1,"contaminants, dce, directive-cadre-sur-leau-dce, donnees-combinees, donnees-ouvertes, environnement, etat-du-milieu-habitats, habitats-benthiques, installations-de-suivi-environnemental, milieu-biologique-habitats",2019-02-15T00:00:00+00:00,notspecified,"Évaluation de l’état écologique des masses d’eau côtières de la Réunion dans le cadre du programme de surveillance de la Directive Cadre sur l'Eau (2000/60/CE). L’état écologique découle des états physico-chimique, biologique et hydromorphologique selon la règle du plus déclassan"
6a31e43306e8829296e123e0,Plans d'eau - Réunion 2026 - BD Topage®,France,🇫🇷,udata,Système d'Information sur l'Eau,https://www.data.gouv.fr/datasets/plans-deau-reunion-2026-bd-topage-r,"bd-topage, eaux-de-surface, environnement, france, hvd, hydrographie, observation-de-la-terre-et-environnement, reunion, science-et-technologie",2026-10-03T02:40:25+00:00,lov2,"Jeu de données des plans d'eau de la Réunion BD Topage® version 2026

Les plans d'eau désignent une ou plusieurs étendue(s) d'eau continentale de surface, d'origine naturelle ou anthropique, de profondeur variable, avec un temps de séjour minimum. Ils peuvent être connectés au ré"
60240e4c57a4daab1b7ce5a4,Lignes basse tension (BT aérien) - Réunion,France,🇫🇷,udata,EDF Systèmes Energétiques Insulaires,https://www.data.gouv.fr/datasets/lignes-basse-tension-bt-aerien-reunion,"aerien, bt, cartographie-des-reseaux, lignes, reseau",2024-10-28T13:17:16.114000+00:00,lov2,"Ce jeu de données présente l'ensemble des lignes basse tension (BT) aériennes de l'île de la Réunion. 

Ces données sont publiées à titre purement indicatif, EDF ne peut garantir leur exactitude et leur exhaustivité. Des mises à jour seront publiées régulièrement. 

Mis a jour en"
5522776bc751df6b68c4cc44,Régions hydrographiques - Réunion 2012 - BD Carthage,France,🇫🇷,udata,Système d'Information sur l'Eau,https://www.data.gouv.fr/datasets/regions-hydrographiques-reunion-2012-bd-carthage,"bd-carthage, donnees-de-references-referentiels-vocabulaire-controle, donnees-ouvertes, eau-de-surface, eaux-interieures-de-surface-rivieres-et-lacs, environment, france, hvd, hydrographie, observation-de-la-terre-et-environnement",2012-08-17T00:00:00+00:00,lov2,"Le découpage hydrographique est l'ensemble des quatre partitions hiérarchisées du territoire français réalisé selon des aires hydrographiques décroissantes :

	- région hydrographique (1er ordre),
	- secteur hydrographique (2ème ordre),
	- sous-secteur hydrographique (3ème ordre)"
55227770c751df6135c4cc43,Secteurs hydrographiques - Réunion 2012 - BD Carthage,France,🇫🇷,udata,Système d'Information sur l'Eau,https://www.data.gouv.fr/datasets/secteurs-hydrographiques-reunion-2012-bd-carthage,"bd-carthage, donnees-de-references-referentiels-vocabulaire-controle, donnees-ouvertes, eau-de-surface, eaux-interieures-de-surface-rivieres-et-lacs, environment, france, hvd, hydrographie, observation-de-la-terre-et-environnement",2012-08-17T00:00:00+00:00,lov2,"Le découpage hydrographique est l'ensemble des quatre partitions hiérarchisées du territoire français réalisé selon des aires hydrographiques décroissantes :

	- région hydrographique (1er ordre),
	- secteur hydrographique (2ème ordre),
	- sous-secteur hydrographique (3ème ordre)"
60240e4d38dc5e68457ce5a6,Lignes haute tension (HTB souterrain) - Réunion,France,🇫🇷,udata,EDF Systèmes Energétiques Insulaires,https://www.data.gouv.fr/datasets/lignes-haute-tension-htb-souterrain-reunion,"cartographie-des-reseaux, htb, lignes, reseau, souterrain",2024-10-28T13:17:44.308000+00:00,lov2,"_[__Les données de cartographie des réseaux électriques ont été mises à jour afin de renforcer la sécurité publique.]_

Ce jeu de données présente l'ensemble des lignes haute tension (HTB) souterraines de l'île de la Réunion. 

Ces données sont publiées à titre purement indicatif"
60240e4e999270fc1d7ce5a7,Lignes haute tension (HTB aérien) - Réunion,France,🇫🇷,udata,EDF Systèmes Energétiques Insulaires,https://www.data.gouv.fr/datasets/lignes-haute-tension-htb-aerien-reunion,"aerien, cartographie-des-reseaux, htb, lignes, reseau",2024-10-28T13:18:19.689000+00:00,lov2,"_[__Les données de cartographie des réseaux électriques ont été mises à jour afin de renforcer la sécurité publique.]_

Ce jeu de données présente l'ensemble des lignes haute tension (HTB) aériennes de l'île de la Réunion. 

Ces données sont publiées à titre purement indicatif, E"
6a31e53906e8829296e123e8,Tronçons hydrographiques - Réunion 2026 - BD Topage®,France,🇫🇷,udata,Système d'Information sur l'Eau,https://www.data.gouv.fr/datasets/troncons-hydrographiques-reunion-2026-bd-topage-r,"bd-topage, eaux-de-surface, environnement, france, hvd, hydrographie, observation-de-la-terre-et-environnement, reunion, science-et-technologie",2026-10-03T03:11:11.557000+00:00,lov2,"Jeu de données des tronçons hydrographiques de la Réunion BD Topage® version 2026

Le tronçon hydrographique est le découpage le plus fin d'un réseau hydrographique. Il peut composer un cours d'eau ou traverser un plan d'eau.

Correspond au concept « WatercourseLink » d'Inspire."
6756b82ed6f163559eab2835,DCE – Bassin La Réunion - État Chimique,France,🇫🇷,udata,Institut français de recherche pour l'exploitation de la mer (IFREMER),https://www.data.gouv.fr/datasets/dce-bassin-la-reunion-etat-chimique-1,"contaminants, dce, directive-cadre-sur-leau-dce, donnees-combinees, donnees-ouvertes, environnement, etat-du-milieu-biogeochimie, etat-du-milieu-pollutions, habitats-benthiques, installations-de-suivi-environnemental",2019-02-15T00:00:00+00:00,notspecified,"Évaluation de l’état chimique des masses d’eau côtières de la Réunion dans le cadre du programme de surveillance de la Directive Cadre sur l'Eau (2000/60/CE). L’état chimique découle des résultats obtenus lors du suivi des substances prioritaires (Annexe I directive 2013/39/UE), "
69d8cba170e2a3e3586b0748,Analyse des municipales 2026 - La Réunion,France,🇫🇷,udata,La Plaine des Cartes,https://www.data.gouv.fr/datasets/analyse-des-municipales-2026-la-reunion,defi-municipales-2026-resultats,2026-04-10T10:29:27.981000+00:00,lov2,"Analyse des municipales 2026 - La Réunion : \\

* communes des ""Hauts"" de La Réunion et suffrages exprimés : une participation plus élevée ?

* taux de participation et taux de pauvreté : analyse bivariée. Différence nord/sud, Haut/Bas ?

* participation et poids réel des votes p"
6a31e48b06e8829296e123e4,Nœuds hydrographiques - Réunion 2026 - BD Topage®,France,🇫🇷,udata,Système d'Information sur l'Eau,https://www.data.gouv.fr/datasets/noeuds-hydrographiques-reunion-2026-bd-topage-r,"bd-topage, eaux-de-surface, environnement, france, hvd, hydrographie, observation-de-la-terre-et-environnement, reunion, science-et-technologie",2026-10-03T11:18:23.874000+00:00,lov2,"Jeu de données des nœuds hydrographiques de la Réunion BD Topage® version 2026

Point remarquable du réseau hydrographique. La plupart des noeuds hydrographiques correspondent à l'extrémité d'un tronçon hydrographique, à l'exception des noeuds symbolisant le franchissement à nive"
69c810aa39e4a3e7049d97fc,Mandats des maires de La Réunion,France,🇫🇷,udata,SysDevRun,https://www.data.gouv.fr/datasets/mandats-des-maires-de-la-reunion,"la-reunion, maires, mandats",2026-03-28T17:41:28+00:00,cc-zero,"Ce jeu de données décrit les mandats des maires des 24 communes de La Réunion depuis 1950 jusqu'à aujourd'hui.

Certaines mairies ont des données depuis 1900.

Il y a 4 fichiers :

* la liste des communes

* la liste des intercommunalités

* la liste des maires

* la liste des ma"
6756b823d6f163559eab281d,DCE – Bassin La Réunion - État Global,France,🇫🇷,udata,Institut français de recherche pour l'exploitation de la mer (IFREMER),https://www.data.gouv.fr/datasets/dce-bassin-la-reunion-etat-global-1,"contaminants, dce, directive-cadre-sur-leau-dce, donnees-combinees, donnees-ouvertes, environnement, etat-du-milieu-biogeochimie, etat-du-milieu-geologie, etat-du-milieu-habitats, habitats-benthiques",2019-02-15T00:00:00+00:00,notspecified,"Évaluation de l’état global des masses d’eau côtières de la Réunion dans le cadre du programme de surveillance de la Directive Cadre sur l'Eau (2000/60/CE). L’état global découle de l’état écologique et chimique selon la règle du plus déclassant.

Carte 2013 : évaluation basée su"
6a31e48d06e8829296e123e5,Cours d'eau - Réunion 2026 - BD Topage®,France,🇫🇷,udata,Système d'Information sur l'Eau,https://www.data.gouv.fr/datasets/cours-deau-reunion-2026-bd-topage-r,"bd-topage, eaux-de-surface, environnement, france, hvd, hydrographie, observation-de-la-terre-et-environnement, reunion, science-et-technologie",2026-10-03T04:51:01.010000+00:00,lov2,"Jeu de données des cours d'eau de la Réunion BD Topage® version 2026

Ecoulement gravitaire des eaux provenant notamment des précipitations, d’une source, de la fonte des neiges ou des glaces, d’une surface en eau ou d’une nappe d’eau superficielle ou souterraine.
Le cheminement "
69820eb65b9bbd0c09e533c7,Aménagements cyclables Île de la Réunion,France,🇫🇷,udata,Geovelo,https://www.data.gouv.fr/datasets/amenagements-cyclables-ile-de-la-reunion,"amenagements-cyclables, ile-de-la-reunion, piste-cyclable, pistes-cyclables, reunion",2026-10-01T03:10:56.660000+00:00,odc-odbl,"Cette base de données contient l'ensemble des aménagements cyclables de l'île de la Réunion, numérisés dans OpenStreetMap et traités par Geovelo afin de les restituer selon le schéma national des aménagements cyclables.

Le rattachement se fait par rapport aux codes géographiques"
5fa5e3855de3b2dab37d152e,Idéo-Actions de formation-La Réunion,France,🇫🇷,udata,Office national d'information sur les enseignements et les professions,https://www.data.gouv.fr/datasets/ideo-actions-de-formation-la-reunion,,2026-10-02T23:00:05.667000+00:00,odc-odbl,"La **formation générale ou professionnelle initiale** demeure le périmètre de l’Onisep, à destination des jeunes en phase de première orientation, à différentes étapes de leurs cursus scolaire. (fin de classe de 3e ou de classe de Terminale).

Une « **Action de formation** » (AF)"
6a31e4de06e8829296e123e6,Bassins hydrographiques - Réunion 2026 - BD Topage®,France,🇫🇷,udata,Système d'Information sur l'Eau,https://www.data.gouv.fr/datasets/bassins-hydrographiques-reunion-2026-bd-topage-r,"bd-topage, eaux-de-surface, environnement, france, hvd, hydrographie, observation-de-la-terre-et-environnement, reunion, science-et-technologie",2026-10-03T05:31:48.002000+00:00,lov2,"Jeu de données des bassins hydrographiques de la Réunion BD Topage® version 2026

La France est découpée en 12 grands bassins versants, dénommés circonscription hydrographique de bassin. Il s’agit :
   - du bassin Artois-Picardie,
   - du bassin Rhin-Meuse,
   - du bassin Seine-N"
6a31e46f06e8829296e123e3,Surfaces élémentaires - Réunion 2026 - BD Topage®,France,🇫🇷,udata,Système d'Information sur l'Eau,https://www.data.gouv.fr/datasets/surfaces-elementaires-reunion-2026-bd-topage-r,"bd-topage, eaux-de-surface, environnement, france, hvd, hydrographie, observation-de-la-terre-et-environnement, reunion, science-et-technologie",2026-10-03T04:53:07+00:00,lov2,"Jeu de données des surfaces élémentaires de la Réunion BD Topage® version 2026

Une surface élémentaire est un polygone qui représente une étendue d'eau continentale de surface, d'origine naturelle ou anthropique, de profondeur variable."
597b452788ee383d3c10c6b0,Nœuds hydrographiques - Réunion 2012 - BD Carthage,France,🇫🇷,udata,Système d'Information sur l'Eau,https://www.data.gouv.fr/datasets/noeuds-hydrographiques-reunion-2012-bd-carthage,"bd-carthage, donnees-de-references-referentiels-vocabulaire-controle, donnees-ouvertes, eau-de-surface, eaux-interieures-de-surface-rivieres-et-lacs, environment, france, hvd, hydrographie, observation-de-la-terre-et-environnement",2012-08-17T00:00:00+00:00,lov2,"Un nœud hydrographique correspond à une modification de l'écoulement de l'eau. Il est toujours localisé à l’extrémité d’un tronçon hydrographique élémentaire. 

La classe des nœuds hydrographiques gérée par l'IGN comprend :
	- les confluences, diffluences, sources, embouchures et"
584f215788ee380453c65bb4,Plans d'eau - Réunion 2012 - BD Carthage,France,🇫🇷,udata,Système d'Information sur l'Eau,https://www.data.gouv.fr/datasets/plans-deau-reunion-2012-bd-carthage,"bd-carthage, donnees-de-references-referentiels-vocabulaire-controle, donnees-ouvertes, eau-de-surface, eaux-interieures-de-surface-rivieres-et-lacs, environment, france, hvd, hydrographie, observation-de-la-terre-et-environnement",2012-08-17T00:00:00+00:00,lov2,"Le concept principal du découpage hydrographique est l’entité hydrographique définie par la circulaire n°91-50.
L’entité hydrographique est un cours d’eau naturel ou aménagé, un bras naturel ou aménagé, une voie d’eau artificielle (canal,…), un plan d’eau ou une ligne littorale. "
55227778c751df6b68c4cc47,Zones hydrographiques - Réunion 2012 - BD Carthage,France,🇫🇷,udata,Système d'Information sur l'Eau,https://www.data.gouv.fr/datasets/zones-hydrographiques-reunion-2012-bd-carthage,"bd-carthage, donnees-de-references-referentiels-vocabulaire-controle, donnees-ouvertes, eau-de-surface, eaux-interieures-de-surface-rivieres-et-lacs, environment, france, hvd, hydrographie, observation-de-la-terre-et-environnement",2012-08-17T00:00:00+00:00,lov2,"La circulaire n°91-50 du 12 février 1991 relative à la codification hydrographique et au repérage spatial des milieux aquatiques superficiels en France métropolitaine, définit la zone hydrographique comme suit :

""L'ensemble du territoire français est divisé en zones élémentaires"
584f2157c751df3876c0bb7e,Masses d'eau Réunion - Version Rapportage 2010,France,🇫🇷,udata,Système d'Information sur l'Eau,https://www.data.gouv.fr/datasets/masses-deau-reunion-version-rapportage-2010,"dce, directive-cadre-eau, donnees-de-references-referentiels-vocabulaire-controle, donnees-ouvertes, eaux-cotieres-eaux-maritimes, eaux-de-transition-estuaires, eaux-interieures-de-surface-rivieres-et-lacs, eaux-souterraines-nappes-deau, environment, france",2013-04-15T00:00:00+00:00,lov2,La masse d'eau est le découpage territorial élémentaire des Milieux aquatiques destinée à être l'unité d'évaluation de la DCE.
60240e4c525c1974997ce5a3,Signal réseau Réunion - Recharge véhicule électrique,France,🇫🇷,udata,EDF Systèmes Energétiques Insulaires,https://www.data.gouv.fr/datasets/signal-reseau-reunion-recharge-vehicule-electrique,"donnees-specifiques-corse-et-outre-mer, mobilite-electrique, recharge-vehicules-electriques, reseau, signal, smart-charging",2023-11-08T17:41:05.388000+00:00,fr-lo,"Les spécificités du système électrique insulaire de la Réunion incitent à prendre des précautions concernant le développement de la mobilité électrique. 

EDF à la Réunion propose ainsi, à travers ce jeu de données, un signal réseau afin d'inciter le pilotage intelligent de la re"
597b451c88ee383d2110a720,Masses d'eau souterraines - Réunion - Version Rapportage 2010,France,🇫🇷,udata,Système d'Information sur l'Eau,https://www.data.gouv.fr/datasets/masses-deau-souterraines-reunion-version-rapportage-2010,"dce, designated-waters-water-framework-directive, directive-2000-60-ec, directive-cadre-eau, donnees-de-references-referentiels-vocabulaire-controle, donnees-ouvertes, eau-souterraine, eaux-souterraines-nappes-deau, economie-et-finances, france",2013-04-09T00:00:00+00:00,fr-lo,"Une masse d'eau souterraine est un volume distinct d'eau souterraine à l'intérieur d'un ou de plusieurs aquifères, constituant le découpage élémentaire des milieux aquatiques destinée à être l'unité d'évaluation de la DCE. Elle permet de définir les objectifs environnementaux, d’"
680197b393473505d4622e23,Masses d'eau côtières - Réunion - Version Rapportage 2022,France,🇫🇷,udata,Système d'Information sur l'Eau,https://www.data.gouv.fr/datasets/masses-deau-cotieres-reunion-version-rapportage-2022,"dce, directive-cadre-eau, donnees-de-references-referentiels-vocabulaire-controle, donnees-ouvertes, eau-cotiere, eau-de-surface, eau-littorale, economie-et-finances, france, littoral",2026-10-03T10:23:08.259000+00:00,fr-lo,"Une masse d'eau côtière est une partie distincte et significative des eaux de surface située entre la ligne de base servant pour la mesure de la largeur des eaux territoriales et une distance d’un mille marin.

Correspondance rapportage DCE : cette entité correspond au concept de"
55227772c751df6b68c4cc45,Sous-Secteurs hydrographiques - Réunion 2012 - BD Carthage,France,🇫🇷,udata,Système d'Information sur l'Eau,https://www.data.gouv.fr/datasets/sous-secteurs-hydrographiques-reunion-2012-bd-carthage,"bd-carthage, donnees-de-references-referentiels-vocabulaire-controle, donnees-ouvertes, eau-de-surface, eaux-interieures-de-surface-rivieres-et-lacs, environment, france, hvd, hydrographie, observation-de-la-terre-et-environnement",2012-08-17T00:00:00+00:00,lov2,"Le découpage hydrographique est l'ensemble des quatre partitions hiérarchisées du territoire français réalisé selon des aires hydrographiques décroissantes :

	- région hydrographique (1er ordre),
	- secteur hydrographique (2ème ordre),
	- sous-secteur hydrographique (3ème ordre)"
6a31e4fa06e8829296e123e7,Bassins versant topographiques - Réunion 2026 - BD Topage®,France,🇫🇷,udata,Système d'Information sur l'Eau,https://www.data.gouv.fr/datasets/bassins-versant-topographiques-reunion-2026-bd-topage-r,"bd-topage, eaux-de-surface, environnement, france, hvd, hydrographie, observation-de-la-terre-et-environnement, reunion, science-et-technologie",2026-10-03T04:03:41+00:00,lov2,"Jeu de données des bassins versant topographiques de la Réunion BD Topage® version 2026

Il s'agit d'une aire de collecte (impluvium) considérée à partir d'un exutoire ou ensemble d'exutoires, limitée par le contour à l'intérieur duquel se rassemblent les eaux précipitées qui s'é"
680198c193473505d4622e64,Masses d'eau souterraines - Réunion - Version Rapportage 2022,France,🇫🇷,udata,Système d'Information sur l'Eau,https://www.data.gouv.fr/datasets/masses-deau-souterraines-reunion-version-rapportage-2022,"dce, directive-cadre-eau, donnees-de-references-referentiels-vocabulaire-controle, donnees-ouvertes, eau-souterraine, eaux-souterraines-nappes-deau, france, hydrogeologie, politique-de-lenvironnement, reu",2026-10-03T04:40:55.283000+00:00,fr-lo,"Une masse d'eau souterraine est un volume distinct d'eau souterraine à l'intérieur d'un ou de plusieurs aquifères, constituant le découpage élémentaire des milieux aquatiques destinée à être l'unité d'évaluation de la DCE.

Les masses d'eau souterraines sont dérivées de travaux r"
5522779188ee38028145f501,Masses d'eau côtières - Réunion - Version Rapportage 2010,France,🇫🇷,udata,Système d'Information sur l'Eau,https://www.data.gouv.fr/datasets/masses-deau-cotieres-reunion-version-rapportage-2010,"coastal-waters-water-framework-directive, dce, directive-2000-60-ec, directive-cadre-eau, donnees-de-references-referentiels-vocabulaire-controle, donnees-ouvertes, eau-cotiere, eau-de-surface, eau-littorale, economie-et-finances",2012-11-30T00:00:00+00:00,fr-lo,"Une masse d'eau côtière est une partie distincte et significative des eaux de surface situées entre la ligne de base servant pour la mesure de la largeur des eaux territoriales et une distance d’un mille marin.
Correspondance rapportage DCE : cette entité correspond au concept de"
597b452cc751df07218bf1ab,Points d'eau isolés - Réunion 2012 - BD Carthage,France,🇫🇷,udata,Système d'Information sur l'Eau,https://www.data.gouv.fr/datasets/points-deau-isoles-reunion-2012-bd-carthage,"bd-carthage, donnees-de-references-referentiels-vocabulaire-controle, donnees-ouvertes, eau-de-surface, eaux-interieures-de-surface-rivieres-et-lacs, environment, france, hvd, hydrographie, observation-de-la-terre-et-environnement",2012-08-17T00:00:00+00:00,lov2,"Un point d'eau isolé est un point d'eau non susceptible d'être relié au réseau hydrographique ; il s'agit des objets suivants, situés sur le territoire national :
- réservoirs et châteaux d'eau ;
- stations de pompage et de traitement des eaux.
Un point d'eau isolé est localisé p"
597b4504c751df06dd254d43,Masses d'eau Côtières - Reunion - Version Rapportage 2016,France,🇫🇷,udata,Système d'Information sur l'Eau,https://www.data.gouv.fr/datasets/masses-deau-cotieres-reunion-version-rapportage-2016,"coastal-waters-water-framework-directive, dce, directive-2000-60-ec, directive-cadre-eau, donnees-de-references-referentiels-vocabulaire-controle, donnees-ouvertes, eau-cotiere, eau-de-surface, eau-littorale, france",2026-10-03T03:34:33.834000+00:00,fr-lo,Une masse d'eau côtière est une partie distincte et significative des eaux de surface situées entre la ligne de base servant pour la mesure de la largeur des eaux territoriales et une distance d’un mille marin. Correspondance rapportage DCE : cette entité correspond au concept de
cartomar_sedim_reunion_2008,CARTOMAR: Morphosedimentological mapping of the coastal seabed of Réunion,Union européenne,🇪🇺,dcat,Institut français de recherche pour l'exploitation de la mer (IFREMER),https://data.europa.eu/data/datasets/cartomar_sedim_reunion_2008,,,,
http-www-sandre-eaufrance-fr-urn-urn-sandre-donnees-massedeausouterraine-reu-ressource-2019-vedl-html,Masses d'eau souterraines - Réunion - Version État des Lieux 2019,Union européenne,🇪🇺,dcat,Système d'Information sur l'Eau,https://data.europa.eu/data/datasets/http-www-sandre-eaufrance-fr-urn-urn-sandre-donnees-massedeausouterraine-reu-ressource-2019-vedl-html,,,,
699cedaa5dcc50548da89178,Essential data of the buyer profile Departmental Council of Reunion,Union européenne,🇪🇺,dcat,Produit ATEXO,https://data.europa.eu/data/datasets/699cedaa5dcc50548da89178,,2026-08-31T03:06:38.722,,
6c34d351-5ac2-4d47-a530-e4be78733842,Rivers - Meeting 2026 - BD Topage®,Union européenne,🇪🇺,dcat,,https://data.europa.eu/data/datasets/6c34d351-5ac2-4d47-a530-e4be78733842,,,,
a0026897-8422-4e44-8b1f-bbbb910fb320,Watersheds - Meeting 2026 - BD Topage®,Union européenne,🇪🇺,dcat,,https://data.europa.eu/data/datasets/a0026897-8422-4e44-8b1f-bbbb910fb320,,,,
518dcab6-8852-481b-92b5-6240a4f5b524,La Réunion - Communes (GEOFLA 2013),Union européenne,🇪🇺,dcat,,https://data.europa.eu/data/datasets/518dcab6-8852-481b-92b5-6240a4f5b524,,,,
de15ebbd-283f-43dc-8865-6cd907522542,Hydrographic sections - Meeting 2026 - BD Topage®,Union européenne,🇪🇺,dcat,,https://data.europa.eu/data/datasets/de15ebbd-283f-43dc-8865-6cd907522542,,,,
697e6ba4-4ae3-40d8-958a-abd14641b6ae,Hydrographic Nodes - Meeting 2026 - BD Topage®,Union européenne,🇪🇺,dcat,,https://data.europa.eu/data/datasets/697e6ba4-4ae3-40d8-958a-abd14641b6ae,,,,
afabd0a1-cafc-4f8a-aa4b-fe43cf683b83,Topographic watersheds - Reunion 2026 - BD Topage®,Union européenne,🇪🇺,dcat,,https://data.europa.eu/data/datasets/afabd0a1-cafc-4f8a-aa4b-fe43cf683b83,,,,
b9e1f494-9e6c-444b-81a4-43d0c6b9fee6,"Meeting Island,St Gilles les bains, Site des Brisants, Levés TLS 2011 to 2016",Union européenne,🇪🇺,dcat,,https://data.europa.eu/data/datasets/b9e1f494-9e6c-444b-81a4-43d0c6b9fee6,,2019-05-23,,
http-www-sandre-eaufrance-fr-urn-urn-sandre-donnees-polygmassedeausouterraine-reu-ressource-2022-vrap-html~~1,Polygones élémentaires de masses d'eau souterraines - Réunion - Version Rapportage 2022,Union européenne,🇪🇺,dcat,Système d'Information sur l'Eau,https://data.europa.eu/data/datasets/http-www-sandre-eaufrance-fr-urn-urn-sandre-donnees-polygmassedeausouterraine-reu-ressource-2022-vrap-html~~1,,,,
ee4f5419-22f8-4339-9688-1dd4f5e30281,"Reunion Island, Rivière des Galets site,Levés TLS, 2010-2014",Union européenne,🇪🇺,dcat,,https://data.europa.eu/data/datasets/ee4f5419-22f8-4339-9688-1dd4f5e30281,,,,
4f4c2f09-fe37-45c6-b25c-230a1ba5ae5d,Water Leaves - Reunion 2026 - BD Topage®,Union européenne,🇪🇺,dcat,,https://data.europa.eu/data/datasets/4f4c2f09-fe37-45c6-b25c-230a1ba5ae5d,,,,
247b9758-c416-4af6-8304-3748f7d3870c,Bodies of Water - Meeting 2026 - BD Topage®,Union européenne,🇪🇺,dcat,,https://data.europa.eu/data/datasets/247b9758-c416-4af6-8304-3748f7d3870c,,,,
b1ea61c7196edf47579466717fec2f71f5cbd90b,Polmar Reunion,Union européenne,🇪🇺,dcat,,https://data.europa.eu/data/datasets/b1ea61c7196edf47579466717fec2f71f5cbd90b,,2017-01-01,,
60743577f97d256896abd3ec,Real-time timetables of the Car Jaune network (GTFS-RT),Union européenne,🇪🇺,dcat,Région Réunion,https://data.europa.eu/data/datasets/60743577f97d256896abd3ec,,2023-05-12T06:22:58.400,,
http-www-sandre-eaufrance-fr-urn-urn-sandre-donnees-polyelementeh-reu-ressource-2022-3-html,Elementary polygons of the stack of hydrogeological entities - Reunion,Union européenne,🇪🇺,dcat,Système d'Information sur l'Eau,https://data.europa.eu/data/datasets/http-www-sandre-eaufrance-fr-urn-urn-sandre-donnees-polyelementeh-reu-ressource-2022-3-html,,2022-10-10T00:00:00,,
67857abda9f04ae5867c45f5,Vélos à assistance électrique en libre service Saint-Pierre La Réunion CIVIS (Altervélo),Union européenne,🇪🇺,dcat,Ecovelo,https://data.europa.eu/data/datasets/67857abda9f04ae5867c45f5,,2025-01-13T20:46:45.379,,
3cc909f3-e138-44ef-b8d2-beeaed886e3d,GIS Flood Risk Area (RTI) Flooding Directive - Meeting - Reporting 2013,Union européenne,🇪🇺,dcat,,https://data.europa.eu/data/datasets/3cc909f3-e138-44ef-b8d2-beeaed886e3d,,,,
565f9a67-638b-4313-9e98-df44e8da06e8,Elementary surfaces - Meeting 2026 - BD Topage®,Union européenne,🇪🇺,dcat,,https://data.europa.eu/data/datasets/565f9a67-638b-4313-9e98-df44e8da06e8,,,,
a4d079e1-bc77-4bc3-8d8e-04b54d9d1935,"Reunion Island, Site de la Passe de l'Ermitage, Levés TLS, 2011 - 2015",Union européenne,🇪🇺,dcat,,https://data.europa.eu/data/datasets/a4d079e1-bc77-4bc3-8d8e-04b54d9d1935,,,,
1db0b726-099e-43e8-acf8-f206bae4f9f3,Bridges and traces of green turtle Chelonia mydas on the beaches of Reunion since 1980.,Union européenne,🇪🇺,dcat,,https://data.europa.eu/data/datasets/1db0b726-099e-43e8-acf8-f206bae4f9f3,,,,
56c6a48a-88e8-44d4-b252-3de2cd85f1a8,WFD - Reunion Basin - Chemical State,Union européenne,🇪🇺,dcat,,https://data.europa.eu/data/datasets/56c6a48a-88e8-44d4-b252-3de2cd85f1a8,,2019-02-15,,
fr-330-715-368-00362_ifr-doi-atlas_dce_reunion_etat-chimiq-,WFD - Reunion Basin - Chemical State,Union européenne,🇪🇺,dcat,Institut français de recherche pour l'exploitation de la mer (IFREMER),https://data.europa.eu/data/datasets/fr-330-715-368-00362_ifr-doi-atlas_dce_reunion_etat-chimiq-,,2019-02-15T00:00:00,,
f8021383-8dbf-49b6-bd4a-577b2729de7e~~1,Barriers to flow - Reunion,Union européenne,🇪🇺,dcat,,https://data.europa.eu/data/datasets/f8021383-8dbf-49b6-bd4a-577b2729de7e~~1,,2026-10-01T06:05:09,,
610275a2698a6f921d25f005,Establishments Seveso - Reunion,Union européenne,🇪🇺,dcat,,https://data.europa.eu/data/datasets/610275a2698a6f921d25f005,,2021-07-29T11:32:18.340,,
4c49cd1e-aff9-43cb-868d-f571ed6a35b5,"Reunion Island, Pointe des Galets site, Levés TLS, 2010 - 2014",Union européenne,🇪🇺,dcat,,https://data.europa.eu/data/datasets/4c49cd1e-aff9-43cb-868d-f571ed6a35b5,,,,
http-catalogue-georisques-gouv-fr-id-14cf5199-0b70-4642-95ad-145d3f709d1a,Establishments Seveso - Reunion,Union européenne,🇪🇺,dcat,Bureau de Recherches Géologiques et Minières,https://data.europa.eu/data/datasets/http-catalogue-georisques-gouv-fr-id-14cf5199-0b70-4642-95ad-145d3f709d1a,,,,
4af95d27-a3f0-4dd8-9095-2fd09d6c5648,Linear prospecting efforts around Reunion Island by year,Union européenne,🇪🇺,dcat,,https://data.europa.eu/data/datasets/4af95d27-a3f0-4dd8-9095-2fd09d6c5648,,,,
fbae1fcc-43af-4f48-81e2-e3dde576fafe,Elementary Hydrographic Strands - Meeting 2012 - BD Carthage,Union européenne,🇪🇺,dcat,,https://data.europa.eu/data/datasets/fbae1fcc-43af-4f48-81e2-e3dde576fafe,,2012-08-17,,
9fdefe94-7005-4edc-9060-d38a522b48f0,La Réunion - Finess cat4300 - Establishment and Serv. for Adults with Disabilities (WFS service),Union européenne,🇪🇺,dcat,,https://data.europa.eu/data/datasets/9fdefe94-7005-4edc-9060-d38a522b48f0,,,,
dc0be8ec-abcb-486e-b317-4f7da592755f,2017 - Relative abundance of different cetacean species around Reunion Island in 2017 according to a 2kmx2km grid,Union européenne,🇪🇺,dcat,GLOBICE,https://data.europa.eu/data/datasets/dc0be8ec-abcb-486e-b317-4f7da592755f,,,,
95dc7896-d1cd-4089-af9f-09ee31440567,La Réunion - Finess cat1100 - Hospital establishments,Union européenne,🇪🇺,dcat,,https://data.europa.eu/data/datasets/95dc7896-d1cd-4089-af9f-09ee31440567,,,,
1a88e641-9177-439b-948d-7ce2bd68e12d,La Réunion - Finess cat4100 - Establishment and Serv. for Children and Youth with Disabilities (WFS service),Union européenne,🇪🇺,dcat,,https://data.europa.eu/data/datasets/1a88e641-9177-439b-948d-7ce2bd68e12d,,,,
060c018b-7775-4e7a-af11-412a5db74a33,"La Réunion - Finess cat4600 - Other Etab., Host, Rehabilitation and Serv. (WFS service)",Union européenne,🇪🇺,dcat,,https://data.europa.eu/data/datasets/060c018b-7775-4e7a-af11-412a5db74a33,,,,
40ff6900-2875-59be-b4f4-76109c529f62,"Storm in La Reunion, France (2025-02-27)",Union européenne,🇪🇺,dcat,Joint Research Centre,https://data.europa.eu/data/datasets/40ff6900-2875-59be-b4f4-76109c529f62,,2025-02-27,,
oai-zenodo-org-18715281,Water resource (waterbodies) assessment status on Reunion island - from SDAGE 2025 assessment reports,Union européenne,🇪🇺,dcat,Zenodo,https://data.europa.eu/data/datasets/oai-zenodo-org-18715281,,2026-03-04,,
672720e451bcff5f90f6f9e4,Données essentielles du profil acheteur Région Réunion,France,🇫🇷,udata,ATEXO - DECP,https://www.data.gouv.fr/datasets/donnees-essentielles-du-profil-acheteur-region-reunion,,2026-10-03T03:04:38.789000+00:00,notspecified,Données essentielles du profil acheteur Région Réunion
597b450688ee383b7e823d5e,Laisse des eaux - Réunion 2012 - BD Carthage,France,🇫🇷,udata,Système d'Information sur l'Eau,https://www.data.gouv.fr/datasets/laisse-des-eaux-reunion-2012-bd-carthage,"bd-carthage, donnees-de-references-referentiels-vocabulaire-controle, donnees-ouvertes, eau-de-surface, eaux-cotieres-eaux-maritimes, eaux-interieures-de-surface-rivieres-et-lacs, environment, france, hvd, hydrographie",2012-08-17T00:00:00+00:00,lov2,"La laisse des eaux regroupe :
	- la laisse des plus hautes eaux (limite des terres jamais recouvertes par la mer), dont la continuité est assurée sur l'ensemble de la BDCarthage. Dans le cas des îles, elle n'est saisie que si elle délimite une zone d'une superficie supérieure ou "
5d79f029634f41328cb6e60e,Tronçons hydrographiques élémentaires - Réunion 2012 - BD Carthage,France,🇫🇷,udata,Système d'Information sur l'Eau,https://www.data.gouv.fr/datasets/troncons-hydrographiques-elementaires-reunion-2012-bd-carthage,"bd-carthage, donnees-de-references-referentiels-vocabulaire-controle, donnees-ouvertes, eau-de-surface, eaux-interieures-de-surface-rivieres-et-lacs, environment, france, hvd, hydrographie, observation-de-la-terre-et-environnement",2012-08-17T00:00:00+00:00,lov2,"Un tronçon hydrographique élémentaire est une portion connexe de rivières, de ruisseau ou de canal, homogène pour les relations la mettant en jeu, et pour les attributs qu’elle port. Il correspond à l'axe du lit d'une rivière, d'un ruisseau ou d'un canal.
Il s’agit :
- sur le ter"
6a31e46906e8829296e123e2,Laisses des eaux - Réunion 2026 - BD Topage®,France,🇫🇷,udata,Système d'Information sur l'Eau,https://www.data.gouv.fr/datasets/laisses-des-eaux-reunion-2026-bd-topage-r,"bd-topage, eaux-de-surface, environnement, france, hvd, hydrographie, observation-de-la-terre-et-environnement, reunion, science-et-technologie",2026-10-03T04:56:33+00:00,lov2,"Jeu de données des laisses des eaux de la Réunion BD Topage® version 2026

La laisse des eaux regroupe :
- La limite des plus hautes eaux ou laisse des plus hautes mers qui constitue la limite supérieure de l’estran. Elle sépare la zone littorale recouverte par la mer à marée hau"
666327297683aed116fd1049,Polygones élémentaires de la pile d'entités hydrogéologiques - Réunion,France,🇫🇷,udata,Système d'Information sur l'Eau,https://www.data.gouv.fr/datasets/polygones-elementaires-de-la-pile-dentites-hydrogeologiques-reunion-1,"bdlisa, donnees-de-references-referentiels-vocabulaire-controle, donnees-ouvertes, eau-souterraine-hydrogeologie, eaux-souterraines-nappes-deau, environment, france, geologie, hvd, nappe-phreatique",2022-10-10T00:00:00+00:00,lov2,"A un polygone élémentaire correspond une pile (ou un empilement) caractéristique d’entités hydrogéologiques.

D'après Sandre, dictionnaire du référentiel hydrogéologique SAQ version 2.2"
680197e593473505d4622e37,Masses d'eau de transition - Réunion - Version Rapportage 2022,France,🇫🇷,udata,Système d'Information sur l'Eau,https://www.data.gouv.fr/datasets/masses-deau-de-transition-reunion-version-rapportage-2022,"dce, directive-cadre-eau, donnees-de-references-referentiels-vocabulaire-controle, donnees-ouvertes, eau-de-surface, eau-de-transition, eau-interieure, economie-et-finances, france, masse-deau",2026-10-03T02:54:00+00:00,fr-lo,"Une masse d'eau de transition est une partie distincte et significative des eaux de surface située à proximité des embouchures de rivières ou de fleuves, qui sont partiellement salines en raison de leur proximité des eaux côtières mais qui restent fondamentalement influencées par"
54eda736c751df211739b722,Délimitation des codes postaux de La Réunion (974),France,🇫🇷,udata,,https://www.data.gouv.fr/datasets/delimitation-des-codes-postaux-de-la-reunion-974,"codes-postaux, la-reunion",2015-02-25T11:44:56.526000+00:00,notspecified,"Délimitation des codes postaux de La Réunion, réalisé par agrégation d'Iris et vérification avec les pages jaunes (à prendre avec précaution)"
6663275b7683aed116fd1079,Masses d'eau cours d'eau - Réunion - Version Rapportage 2010,France,🇫🇷,udata,Système d'Information sur l'Eau,https://www.data.gouv.fr/datasets/masses-deau-cours-deau-reunion-version-rapportage-2010-1,"cours-deau, dce, directive-2000-60-ec, directive-cadre-eau, donnees-de-references-referentiels-vocabulaire-controle, donnees-ouvertes, eau-continentale, eau-de-surface, eaux-interieures-de-surface-rivieres-et-lacs, environnement",2012-11-30T00:00:00+00:00,fr-lo,"Une masse d'eau de rivière est une partie distincte et significative des eaux de surface telles qu'une rivière, un fleuve ou un canal, une partie de rivière, de fleuve ou de canal. La masse d'eau rivière est composée de tronçons élémentaires (de la même manière que la BDCarthage®"
597b450788ee383d3c10c6a8,Entités hydrographiques de surface - Réunion 2012 - BD Carthage,France,🇫🇷,udata,Système d'Information sur l'Eau,https://www.data.gouv.fr/datasets/entites-hydrographiques-de-surface-reunion-2012-bd-carthage,"bd-carthage, donnees-de-references-referentiels-vocabulaire-controle, donnees-ouvertes, eau-de-surface, eaux-interieures-de-surface-rivieres-et-lacs, environment, france, hvd, hydrographie, observation-de-la-terre-et-environnement",2012-08-17T00:00:00+00:00,lov2,"Le concept principal du découpage hydrographique est l’entité hydrographique définie par la circulaire n°91-50.

L’entité hydrographique est un cours d’eau naturel ou aménagé, un bras naturel ou aménagé, une voie d’eau artificielle (canal,…), un plan d’eau ou une ligne littorale."
5ce690388b4c415cb5bea3a0,Horaires du réseau interurbain Car Jaune - REGION REUNION,France,🇫🇷,udata,,https://www.data.gouv.fr/datasets/horaires-du-reseau-interurbain-car-jaune-region-reunion,"car-jaune, carte-communale, gtfs, reunion",2020-08-20T08:00:52.010000+00:00,odc-odbl,"Lignes	Dénomination	Type ligne
E1	St Benoit / St Denis Par Le Chaudron	Express
E2	St Benoit / St Denis Par Bd Sud	Semi-Express
E3	St-Andre / St-Denis Par Ste Marie	Semi-Express
E4	St-Andre / St-Denis Par Ste Suzanne	Semi-Express
O1	St-Pierre / St-Denis Par RDT	Express
O2	St-Pierr"
6756b865d6f163559eab28a4,DCE – Bassin La Réunion - État chimique - Contaminants chimiques,France,🇫🇷,udata,Institut français de recherche pour l'exploitation de la mer (IFREMER),https://www.data.gouv.fr/datasets/dce-bassin-la-reunion-etat-chimique-contaminants-chimiques-1,"contaminants, dce, directive-cadre-sur-leau-dce, donnees-combinees, donnees-ouvertes, environnement, etat-du-milieu-pollutions, installations-de-suivi-environnemental, milieu-chimique-colonne-deau, open-data",2019-02-15T00:00:00+00:00,notspecified,"Évaluation de la qualité chimique des masses d’eau côtières de la Réunion dans le cadre du programme de surveillance de la Directive Cadre sur l'Eau (2000/60/CE). 

La fréquence du suivi est de deux fois par plan de gestion.  

Carte 2013 : la première campagne de suivi des conta"
597b4539c751df06dd254d54,Masses d'eau Cours d'eau - Reunion - Version Rapportage 2016,France,🇫🇷,udata,Système d'Information sur l'Eau,https://www.data.gouv.fr/datasets/masses-deau-cours-deau-reunion-version-rapportage-2016,"cours-deau, dce, directive-2000-60-ec, directive-cadre-eau, donnees-de-references-referentiels-vocabulaire-controle, donnees-ouvertes, eau-continentale, eau-de-surface, eaux-interieures-de-surface-rivieres-et-lacs, france",2026-10-03T05:29:39.863000+00:00,fr-lo,"Une masse d'eau de rivière est une partie distincte et significative des eaux de surface telles qu'une rivière, un fleuve ou un canal, une partie de rivière, de fleuve ou de canal, constituant le découpage élémentaire des milieux aquatiques destinée à être l'unité d'évaluation de"
5caf10cb8b4c417addb618cd,Données essentielles des marchés publics – SPL HORIZON REUNION,France,🇫🇷,udata,SPL Horizon Réunion,https://www.data.gouv.fr/datasets/donnees-essentielles-des-marches-publics-spl-horizon-reunion,,2019-04-11T12:05:36.629000+00:00,fr-lo,"L’arrêté du 14 avril 2017, modifié par l’arrêté du 27 juillet 2018, impose à tous les acheteurs publics la publication des données essentielles de la commande publique. Ainsi, à partir du 1er octobre 2018, les acheteurs publics doivent publier les données d’attribution au plus ta"
680197f193473505d4622e3b,Masses d'eau plan d'eau - Réunion - Version Rapportage 2022,France,🇫🇷,udata,Système d'Information sur l'Eau,https://www.data.gouv.fr/datasets/masses-deau-plan-deau-reunion-version-rapportage-2022,"dce, directive-cadre-eau, donnees-de-references-referentiels-vocabulaire-controle, donnees-ouvertes, eau-continentale, eau-de-surface, environnement, etang, france, lac",2026-10-03T05:53:12.387000+00:00,fr-lo,"Une masse d'eau plan d'eau est une partie distincte et significative des eaux de surface telle qu'un lac, un réservoir, constituant le découpage élémentaire des milieux aquatiques destinée à être l'unité d'évaluation de la DCE.

Correspondance rapportage DCE : cette entité corres"
680197fe93473505d4622e40,Masses d'eau cours d'eau - Réunion - Version Rapportage 2022,France,🇫🇷,udata,Système d'Information sur l'Eau,https://www.data.gouv.fr/datasets/masses-deau-cours-deau-reunion-version-rapportage-2022,"cours-deau, dce, directive-cadre-eau, donnees-de-references-referentiels-vocabulaire-controle, donnees-ouvertes, eau-continentale, eau-de-surface, environnement, france, masse-deau",2026-10-03T03:20:59.737000+00:00,fr-lo,"Une masse d'eau de rivière est une partie distincte et significative des eaux de surface telles qu'une rivière, un fleuve ou un canal, une partie de rivière, de fleuve ou de canal, constituant le découpage élémentaire des milieux aquatiques destinée à être l'unité d'évaluation de"
5ea6cf161a90601f535a4e63,Masses d'eau plan d'eau - Réunion - Version Rapportage 2016,France,🇫🇷,udata,Système d'Information sur l'Eau,https://www.data.gouv.fr/datasets/masses-deau-plan-deau-reunion-version-rapportage-2016,"dce, directive-2000-60-ec, directive-cadre-eau, donnees-de-references-referentiels-vocabulaire-controle, donnees-ouvertes, eau-continentale, eau-de-surface, eaux-interieures-de-surface-rivieres-et-lacs, etang, france",2026-10-03T02:56:29.594000+00:00,fr-lo,"Une masse d'eau plan d'eau est une partie distincte et significative des eaux de surface telles qu'un lac, un réservoir, constituant le découpage élémentaire des milieux aquatiques destinée à être l'unité d'évaluation de la DCE.

Les masses d'eau plan d'eau sont dérivées du thème"
6756b897d6f163559eab28fe,Masses d'eau Côtières - La Réunion - Version Rapportage 2016,France,🇫🇷,udata,Institut français de recherche pour l'exploitation de la mer (IFREMER),https://www.data.gouv.fr/datasets/masses-deau-cotieres-la-reunion-version-rapportage-2016,"actions-concretes, activites-humaines, dce, directive-cadre-sur-leau-dce, donnees-combinees, donnees-ouvertes, environnement, la-reunion, littoral, ocean-indien",2017-05-29T00:00:00+00:00,notspecified,"Délimitation des masses d'eau littorales au titre de la DCE sur le bassin de La Réunion.

Une masse d'eau côtière est une partie distincte et significative des eaux de surface situées entre la ligne de base servant pour la mesure de la largeur des eaux territoriales et une distan"
5576e17ec751df462be5726b,Contours géographiques des nouvelles régions (Métropole+Réunion+Guadeloupe),France,🇫🇷,udata,Ministère de l'intérieur,https://www.data.gouv.fr/datasets/contours-geographiques-des-nouvelles-regions-metropole-reunion-guadeloupe,"guadeloupe, metropole, regions, reunion",2015-06-09T14:54:53.741000+00:00,fr-lo,Mise à disposition de l’ensemble des fichiers sous format ZIP
5522779e88ee38028345f4fe,Masses d'eau Plan d'eau - Réunion - Version Rapportage 2010,France,🇫🇷,udata,Système d'Information sur l'Eau,https://www.data.gouv.fr/datasets/masses-deau-plan-deau-reunion-version-rapportage-2010,"dce, directive-2000-60-ec, directive-cadre-eau, donnees-de-references-referentiels-vocabulaire-controle, donnees-ouvertes, eau-continentale, eau-de-surface, eaux-interieures-de-surface-rivieres-et-lacs, environnement, etang",2012-11-30T00:00:00+00:00,fr-lo,"Une masse d'eau plan d'eau est une partie distincte et significative des eaux de surface telle qu'un lac, un réservoir, constituant le découpage élémentaire des milieux aquatiques destinée à être l'unité d'évaluation de la DCE.

Les masses d'eau plan d'eau sont dérivées du thème "
597b450ac751df07157f54e6,Masses d'eau Côtières - Reunion - Version Etat des Lieux 2013,France,🇫🇷,udata,Système d'Information sur l'Eau,https://www.data.gouv.fr/datasets/masses-deau-cotieres-reunion-version-etat-des-lieux-2013,"dce, directive-cadre-eau, donnees-de-references-referentiels-vocabulaire-controle, donnees-ouvertes, eau-cotiere, eaux-cotieres-eaux-maritimes, france, hvd, littoral, masse-deau",2026-10-03T02:39:13.936000+00:00,lov2,Une masse d'eau côtière est une partie distincte et significative des eaux de surface situées entre la ligne de base servant pour la mesure de la largeur des eaux territoriales et une distance d’un mille marin. Correspondance rapportage DCE : cette entité correspond au concept de
666327587683aed116fd1075,Masses d'eau souterraines - Réunion - Version État des Lieux 2019,France,🇫🇷,udata,Système d'Information sur l'Eau,https://www.data.gouv.fr/datasets/masses-deau-souterraines-reunion-version-etat-des-lieux-2019,"dce, directive-cadre-eau, donnees-de-references-referentiels-vocabulaire-controle, donnees-ouvertes, eau-souterraine, eaux-souterraines-nappes-deau, france, hvd, hydrogeologie, observation-de-la-terre-et-environnement",2026-10-03T03:59:36+00:00,fr-lo,"Une masse d'eau souterraine est un volume distinct d'eau souterraine à l'intérieur d'un ou de plusieurs aquifères, constituant le découpage élémentaire des milieux aquatiques destinée à être l'unité d'évaluation de la DCE.

Les masses d'eau souterraines sont dérivées de travaux r"
53698e10a3a729239d203382,2013-107 - Les demandes d’asile à la Réunion,France,🇫🇷,udata,Ministère de l'intérieur,https://www.data.gouv.fr/datasets/2013-107-les-demandes-dasile-a-la-reunion,,2014-01-06T09:15:00.884000+00:00,fr-lo,Outre-mer : La situation migratoire (Les orientations de la politique de l'immigration)
597b4534c751df0709bff26a,Schémas d'Aménagement et de Gestion des Eaux (SAGE) - Réunion,France,🇫🇷,udata,Système d'Information sur l'Eau,https://www.data.gouv.fr/datasets/schemas-damenagement-et-de-gestion-des-eaux-sage-reunion,"actions-sur-leau-reponses-zonage-reglementaire-redevance-actions-volontaires, donnees-de-references-referentiels-vocabulaire-controle, donnees-ouvertes, environment, france, gestion-de-leau, gouvernance-de-leau-politique-publique-gestion-integree, planification, politique-de-lenvironnement, reunion",2026-08-17T00:00:00+00:00,lov2,"Le schéma d'aménagement et de gestion de l'eau (SAGE) est un outil de planification, institué par la loi sur l'eau de 1992, visant la gestion équilibrée et durable de la ressource en eau.

Déclinaison du SDAGE à une échelle plus locale, il vise à concilier la satisfaction et le d"
5830160888ee387e91c65bb3,Vente de bien immobilier sur l'île de la Réunion,France,🇫🇷,udata,,https://www.data.gouv.fr/datasets/vente-de-bien-immobilier-sur-lile-de-la-reunion,,2016-11-19T10:06:16.185000+00:00,notspecified,"![vente des biens immobilliers sur l'île de la Réunion](http://reunionimmobilier.com/ ""entrez le titre de l'image ici"")"
6756b899d6f163559eab2903,DCE – Bassin La Réunion - État écologique - État biologique - Phytoplancton,France,🇫🇷,udata,Institut français de recherche pour l'exploitation de la mer (IFREMER),https://www.data.gouv.fr/datasets/dce-bassin-la-reunion-etat-ecologique-etat-biologique-phytoplancton-1,"dce, directive-cadre-sur-leau-dce, donnees-combinees, donnees-ouvertes, environnement, etat-du-milieu-biogeochimie, installations-de-suivi-environnemental, milieu-biologique-habitats, open-data, outre-mer-ocean-indien",2019-12-02T00:00:00+00:00,notspecified,"Évaluation de la qualité écologique des masses d’eau côtières de la Réunion dans le cadre du programme de surveillance de la Directive Cadre sur l'Eau (2000/60/CE) pour le phytoplancton. Seul l'indice biomasse est pris en compte, la composition et l'abondance ne pouvant encore êt"
597b451788ee383b7e823d61,Masses d'eau souterraines - Réunion - Version Etat des Lieux 2013,France,🇫🇷,udata,Système d'Information sur l'Eau,https://www.data.gouv.fr/datasets/masses-deau-souterraines-reunion-version-etat-des-lieux-2013,"donnees-de-references-referentiels-vocabulaire-controle, donnees-ouvertes, eau-souterraine, eaux-souterraines-nappes-deau, france, hvd, hydrogeologie, observation-de-la-terre-et-environnement, politique-de-lenvironnement, reunion",2014-06-18T00:00:00+00:00,lov2,"Une masse d'eau souterraine est un volume distinct d'eau souterraine à l'intérieur d'un ou de plusieurs aquifères, constituant le découpage élémentaire des milieux aquatiques destinée à être l'unité d'évaluation de la DCE. Elle permet de définir les objectifs environnementaux, d’"
53698e11a3a729239d203383,2013-108 - Nombre d’éloignements réalisés à la Réunion,France,🇫🇷,udata,Ministère de l'intérieur,https://www.data.gouv.fr/datasets/2013-108-nombre-deloignements-realises-a-la-reunion,,2014-01-06T10:35:56.561000+00:00,fr-lo,Outre-mer : La situation migratoire (Les orientations de la politique de l’immigration)
6756b833d6f163559eab2841,Vitalité corallienne hyperspectrale 2009 - côte ouest de La Réunion,France,🇫🇷,udata,Institut français de recherche pour l'exploitation de la mer (IFREMER),https://www.data.gouv.fr/datasets/vitalite-corallienne-hyperspectrale-2009-cote-ouest-de-la-reunion,"acquisition-aerienne, classification, coraux, donnees-dobservation-in-situ, donnees-ouvertes, environnement, etat-du-milieu-habitats, fonds-marins, hvd, hyperspectral",2026-09-24T15:44:21.938000+00:00,notspecified,"Cette image permet de visualiser la ""Vitalité Corallienne Hyperspectrale"" (VCH). Elle est constituée d’une seule bande dont les valeurs sont comprises entre 0 et 100 %. Pour la représentation cartographique, les valeurs de vitalité sont classées en 5 catégories (valeurs de seuil "
65bd1560c73941a5e0ec1891,"Paquets Arome Outre-Mer - Réunion-Mayotte - Résolution 0,025°",France,🇫🇷,udata,Météo-France,https://www.data.gouv.fr/datasets/paquets-arome-outre-mer-reunion-mayotte-resolution-0-025deg,"hvd, meteodatagouvfr, meteorologiques, pnt, pnt-arome-outre-mer",2026-10-03T08:03:16+00:00,lov2,"Regroupement de différents paramètres du modèle atmosphérique français à aire limitée à haute résolution AROME sur la Réunion-Mayotte.

Champs d’analyse et de prévision en points de grille régulière sur le domaine “Réunion-Mayotte”.

Grille : INDIEN (7,25S 25,9S 32,75E 67,6E) - P"
6756b885d6f163559eab28e0,DCE – Bassin La Réunion - État Écologique - État hydromorphologique - Hydromorphologie,France,🇫🇷,udata,Institut français de recherche pour l'exploitation de la mer (IFREMER),https://www.data.gouv.fr/datasets/dce-bassin-la-reunion-etat-ecologique-etat-hydromorphologique-hydromorphologie-1,"dce, densite, directive-cadre-sur-leau-dce, donnees-combinees, donnees-ouvertes, environnement, etat-du-milieu-geologie, etat-du-milieu-hydrodynamique, geologie, habitats-benthiques",2019-02-15T00:00:00+00:00,notspecified,"Évaluation de la qualité écologique des masses d’eau côtières de la Réunion dans le cadre du programme de surveillance de la Directive Cadre sur l'Eau (2000/60/CE) pour l’hydromorphologie.

La fréquence du suivi est d’une fois par plan de gestion.  

Carte 2013 : évaluation basée"
658f61d3a7440c6c76c71b4c,MNT Bathymétrique de façade de La Réunion (Projet Homonim),France,🇫🇷,udata,Shom,https://www.data.gouv.fr/datasets/mnt-bathymetrique-de-facade-de-la-reunion-projet-homonim-1,"bathymetrie, bathymetry, digital-elevation-model, donnees-ouvertes, geophysic, geophysique, hvd, inspire, la-reunion, modele-numerique-de-terrain",2026-10-02T10:45:06.172000+00:00,lov2,"Le MNT bathymétrique de façade de La Réunion à une résolution de 0.001° (~ 111 m) a été réalisé dans le cadre du projet HOMONIM. 
				Il couvre intégralement l'île de La Réunion et s'étend vers le large jusqu'à plus de 4000 m de profondeur.
				Le MNT est destiné à être implément"
619ed378dab21801944ed799,Données au format GTFS des cars jaunes de La Réunion,France,🇫🇷,udata,Région Réunion,https://www.data.gouv.fr/datasets/donnees-au-format-gtfs-des-cars-jaunes-de-la-reunion,"car, gtfs, gtfs-rt, transports-et-deplacements",2026-07-03T12:13:28.909000+00:00,fr-lo,"Données au format GTFS des cars jaunes de La Réunion.

Mise à jour le 3 septembre 2020."
6756b82bd6f163559eab2830,DCE – Bassin La Réunion - État écologique - État physico-chimique - Nutriments,France,🇫🇷,udata,Institut français de recherche pour l'exploitation de la mer (IFREMER),https://www.data.gouv.fr/datasets/dce-bassin-la-reunion-etat-ecologique-etat-physico-chimique-nutriments-1,"dce, directive-cadre-sur-leau-dce, donnees-combinees, donnees-ouvertes, environnement, etat-du-milieu-biogeochimie, installations-de-suivi-environnemental, milieu-physique-hydrodynamique-colonne-deau, nutriments, open-data",2019-02-15T00:00:00+00:00,notspecified,"Évaluation de la qualité écologique des masses d’eau côtières de la Réunion dans le cadre du programme de surveillance de la Directive Cadre sur l'Eau (2000/60/CE) pour les nutriments.

Les mesures de nutriments sont effectuées en sub-surface. Le suivi est effectué tous les ans d"
6756b8b2d6f163559eab292d,DCE – Bassin La Réunion - État écologique - État physico-chimique - Salinité,France,🇫🇷,udata,Institut français de recherche pour l'exploitation de la mer (IFREMER),https://www.data.gouv.fr/datasets/dce-bassin-la-reunion-etat-ecologique-etat-physico-chimique-salinite-1,"dce, directive-cadre-sur-leau-dce, donnees-combinees, donnees-ouvertes, environnement, etat-du-milieu-hydrodynamique, installations-de-suivi-environnemental, milieu-physique-hydrodynamique-colonne-deau, open-data, outre-mer-ocean-indien",2019-02-15T00:00:00+00:00,notspecified,Évaluation de la qualité écologique des masses d’eau côtières de la Réunion dans le cadre du programme de surveillance de la Directive Cadre sur l'Eau (2000/60/CE) pour la salinité. Les prélèvements instantanés tels que prescrits par la DCE ne permettent pas de suivre la durée et
680198b593473505d4622e61,Polygones élémentaires de masses d'eau souterraines - Réunion - Version Rapportage 2022,France,🇫🇷,udata,Système d'Information sur l'Eau,https://www.data.gouv.fr/datasets/polygones-elementaires-de-masses-deau-souterraines-reunion-version-rapportage-2022,"dce, directive-cadre-eau, donnees-de-references-referentiels-vocabulaire-controle, donnees-ouvertes, eau-souterraine, eaux-souterraines-nappes-deau, france, hydrogeologie, politique-de-lenvironnement, reu",2026-10-03T03:54:05+00:00,fr-lo,"Une masse d'eau souterraine est un volume distinct d'eau souterraine à l'intérieur d'un ou de plusieurs aquifères, constituant le découpage élémentaire des milieux aquatiques destinée à être l'unité d'évaluation de la DCE.

                  Les masses d'eau souterraine sont déri"
6756b7f7d6f163559eab27b7,DCE – Bassin La Réunion - État écologique - État physico-chimique - Transparence,France,🇫🇷,udata,Institut français de recherche pour l'exploitation de la mer (IFREMER),https://www.data.gouv.fr/datasets/dce-bassin-la-reunion-etat-ecologique-etat-physico-chimique-transparence-1,"dce, directive-cadre-sur-leau-dce, donnees-danalyse, donnees-ouvertes, environnement, etat-du-milieu-hydrodynamique, etat-du-milieu-pollutions, installations-de-suivi-environnemental, matieres-en-suspension, milieu-physique-hydrodynamique-colonne-deau",2019-02-15T00:00:00+00:00,notspecified,"Évaluation de la qualité écologique des masses d’eau côtières de la Réunion dans le cadre du programme de surveillance de la Directive Cadre sur l'Eau (2000/60/CE) pour la transparence. Carte(s) issue(s) de l’Atlas DCE Bassin de La Réunion. 

Les mesures de transparence sont réal"
666326b97683aed116fd0fd8,Masses d'eau cours d'eau - Réunion - Version État des Lieux 2019,France,🇫🇷,udata,Système d'Information sur l'Eau,https://www.data.gouv.fr/datasets/masses-deau-cours-deau-reunion-version-etat-des-lieux-2019,"cours-deau, dce, directive-cadre-eau, donnees-de-references-referentiels-vocabulaire-controle, donnees-ouvertes, eau-continentale, eau-de-surface, environnement, france, hvd",2026-10-03T04:29:42+00:00,fr-lo,"Une masse d'eau de rivière est une partie distincte et significative des eaux de surface telles qu'une rivière, un fleuve ou un canal, une partie de rivière, de fleuve ou de canal, constituant le découpage élémentaire des milieux aquatiques destinée à être l'unité d'évaluation de"
666326977683aed116fd0fb1,Masses d'eau plan d'eau - Réunion - Version État des Lieux 2019,France,🇫🇷,udata,Système d'Information sur l'Eau,https://www.data.gouv.fr/datasets/masses-deau-plan-deau-reunion-version-etat-des-lieux-2019,"dce, directive-cadre-eau, donnees-de-references-referentiels-vocabulaire-controle, donnees-ouvertes, eau-continentale, eau-de-surface, environnement, etang, france, hvd",2026-10-03T04:57:17+00:00,fr-lo,"Une masse d'eau plan d'eau est une partie distincte et significative des eaux de surface telle qu'un lac, un réservoir, constituant le découpage élémentaire des milieux aquatiques destinée à être l'unité d'évaluation de la DCE.

Correspondance rapportage DCE : cette entité corres"
6756b7fed6f163559eab27c5,Bathymétrie issue des images hyperspectrales - côte ouest de La Réunion,France,🇫🇷,udata,Institut français de recherche pour l'exploitation de la mer (IFREMER),https://www.data.gouv.fr/datasets/bathymetrie-issue-des-images-hyperspectrales-cote-ouest-de-la-reunion,"acquisition-aerienne, bathymetrie, donnees-dobservation-satellite, donnees-ouvertes, etat-du-milieu-bathymetrie, fonds-marins, la-reunion, littoral, milieu-physique-bathymetrie-mnt, modele-numerique-de-terrain",2026-06-26T23:11:46+00:00,notspecified,Cette bathymétrie est issue d’une fusion entre le MNT Litto3D Lidar à 1 m et les images hyperspectrales de résolution spatiale 40 centimètres après traitement de la colonne d’eau. Cette correction a permis le calcul d’une bathymétrie à très haute résolution spatiale sur l’emprise
6756b87fd6f163559eab28d5,DCE – Bassin La Réunion - État écologique - État physico-chimique - Température,France,🇫🇷,udata,Institut français de recherche pour l'exploitation de la mer (IFREMER),https://www.data.gouv.fr/datasets/dce-bassin-la-reunion-etat-ecologique-etat-physico-chimique-temperature-1,"dce, directive-cadre-sur-leau-dce, donnees-combinees, donnees-ouvertes, environnement, etat-du-milieu-hydrodynamique, installations-de-suivi-environnemental, milieu-physique-hydrodynamique-colonne-deau, open-data, outre-mer-ocean-indien",2019-02-15T00:00:00+00:00,notspecified,"Évaluation de la qualité écologique des masses d’eau côtières de la Réunion dans le cadre du programme de surveillance de la Directive Cadre sur l'Eau (2000/60/CE) pour la température. 

Les mesures sont effectuées sur site en sub-surface dans les masses d’eau côtières et en surf"
64efd9d8a85e10e6d7c99f4e,Recharge véhicule électrique - Signal réseau d'EDF SA à la Réunion,France,🇫🇷,udata,Electricité de France,https://www.data.gouv.fr/datasets/recharge-vehicule-electrique-signal-reseau-dedf-sa-a-la-reunion,"mobilite-electrique, recharge-vehicules-electriques, reseau, signal, smart-charging",2023-01-01T16:35:16+00:00,lov2,"Les spécificités du système électrique insulaire de la Réunion incitent à prendre des précautions concernant le développement de la mobilité électrique. 

EDF à la Réunion propose ainsi, à travers ce jeu de données, un signal réseau afin d'inciter le pilotage intelligent de la re"
6364a28a-8467-41fb-a2f3-f02a59c52f76,"Reunion Island, Gopayet Site, TLS Surveys, 2011-2016",Union européenne,🇪🇺,dcat,,https://data.europa.eu/data/datasets/6364a28a-8467-41fb-a2f3-f02a59c52f76,,,,
http-www-sandre-eaufrance-fr-urn-urn-sandre-donnees-tronconelemmassedeauriviere-reu-ressource-2022-vrap-html~~1,Tronçons élémentaires de masse d'eau cours d'eau - Réunion - Version Rapportage 2022,Union européenne,🇪🇺,dcat,Système d'Information sur l'Eau,https://data.europa.eu/data/datasets/http-www-sandre-eaufrance-fr-urn-urn-sandre-donnees-tronconelemmassedeauriviere-reu-ressource-2022-vrap-html~~1,,,,
http-www-sandre-eaufrance-fr-urn-urn-sandre-donnees-massedeaucotiere-reu-ressource-2022-vrap-html~~1,Masses d'eau côtières - Réunion - Version Rapportage 2022,Union européenne,🇪🇺,dcat,Système d'Information sur l'Eau,https://data.europa.eu/data/datasets/http-www-sandre-eaufrance-fr-urn-urn-sandre-donnees-massedeaucotiere-reu-ressource-2022-vrap-html~~1,,,,
http-www-sandre-eaufrance-fr-urn-urn-sandre-donnees-ouvrageprel-reu-ressource-latest-1-html~~1,Sampling works - Meeting,Union européenne,🇪🇺,dcat,Système d'Information sur l'Eau,https://data.europa.eu/data/datasets/http-www-sandre-eaufrance-fr-urn-urn-sandre-donnees-ouvrageprel-reu-ressource-latest-1-html~~1,,2026-08-27T13:43:37,,
6756b81ed6f163559eab2811,DCE – Bassin La Réunion - État écologique - État physico-chimique - Oxygène dissous,France,🇫🇷,udata,Institut français de recherche pour l'exploitation de la mer (IFREMER),https://www.data.gouv.fr/datasets/dce-bassin-la-reunion-etat-ecologique-etat-physico-chimique-oxygene-dissous-1,"dce, directive-cadre-sur-leau-dce, donnees-combinees, donnees-ouvertes, environnement, etat-du-milieu-biogeochimie, installations-de-suivi-environnemental, milieu-physique-hydrodynamique-colonne-deau, open-data, outre-mer-ocean-indien",2019-02-15T00:00:00+00:00,notspecified,"Évaluation de la qualité écologique des masses d’eau côtières de la Réunion dans le cadre du programme de surveillance de la Directive Cadre sur l'Eau (2000/60/CE) pour l’oxygène dissous. Carte(s) issue(s) de l’Atlas DCE Bassin de La Réunion.

Les mesures d’oxygène dissous sont e"
6801987293473505d4622e59,Tronçons élémentaires de masse d'eau cours d'eau - Réunion - Version Rapportage 2022,France,🇫🇷,udata,Système d'Information sur l'Eau,https://www.data.gouv.fr/datasets/troncons-elementaires-de-masse-deau-cours-deau-reunion-version-rapportage-2022,"cours-deau, dce, directive-cadre-eau, donnees-de-references-referentiels-vocabulaire-controle, donnees-ouvertes, eau-continentale, eau-de-surface, environnement, france, masse-deau",2026-10-03T04:48:30.600000+00:00,fr-lo,Le tronçon élémentaire de masse d’eau cours d’eau permet de répondre à deux objectifs. Tout d’abord de détailler la composition de la masse d’eau cours d’eau en tronçons élémentaires situés en surface ou souterrain (de la même  manière que la BDCarthage). La  géométrie du thème M
6756b86fd6f163559eab28b6,DCE – Bassin La Réunion - État Écologique - État physico-chimique - Polluants spécifiques,France,🇫🇷,udata,Institut français de recherche pour l'exploitation de la mer (IFREMER),https://www.data.gouv.fr/datasets/dce-bassin-la-reunion-etat-ecologique-etat-physico-chimique-polluants-specifiques-1,"contaminants, dce, directive-cadre-sur-leau-dce, donnees-combinees, donnees-ouvertes, environnement, etat-du-milieu-pollutions, installations-de-suivi-environnemental, milieu-chimique-colonne-deau, open-data",2019-02-15T00:00:00+00:00,notspecified,"Évaluation de la qualité écologique des masses d’eau côtières de la Réunion dans le cadre du programme de surveillance de la Directive Cadre sur l'Eau (2000/60/CE) pour les polluants spécifiques. 

Carte 2013 : évaluation basée sur les données acquises jusque fin 2012 et validée "
597b454ec751df07218bf1b1,Tronçons élémentaires de masse d'eau cours d'eau - Reunion - Version Rapportage 2016,France,🇫🇷,udata,Système d'Information sur l'Eau,https://www.data.gouv.fr/datasets/troncons-elementaires-de-masse-deau-cours-deau-reunion-version-rapportage-2016,"dce, directive-2000-60-ec, directive-cadre-eau, donnees-de-references-referentiels-vocabulaire-controle, donnees-ouvertes, eau-souterraine, eaux-souterraines-nappes-deau, france, groundwater-bodies-water-framework-directive, hvd",2026-10-03T10:55:26.482000+00:00,fr-lo,Le tronçon élémentaire de masse d’eau cours d’eau permet de répondre à deux objectifs. Tout d’abord de détailler la composition de la masse d’eau cours d’eau en tronçons élémentaires situés en surface ou souterrains (de la même manière que la BDCarthage). La géométrie du thème Ma
6756b81cd6f163559eab280c,DCE – Bassin La Réunion - État écologique - État biologique - Benthos de substrats meubles,France,🇫🇷,udata,Institut français de recherche pour l'exploitation de la mer (IFREMER),https://www.data.gouv.fr/datasets/dce-bassin-la-reunion-etat-ecologique-etat-biologique-benthos-de-substrats-meubles-1,"dce, directive-cadre-sur-leau-dce, donnees-combinees, donnees-ouvertes, environnement, etat-du-milieu-habitats, habitats-benthiques, installations-de-suivi-environnemental, milieu-biologique-habitats, open-data",2019-02-15T00:00:00+00:00,notspecified,"Évaluation de la qualité écologique des masses d’eau côtières de la Réunion dans le cadre du programme de surveillance de la Directive Cadre sur l'Eau (2000/60/CE) pour le benthos de substrats meubles. 

Le suivi est effectué tous les 3 ans du plan de gestion à raison d’une campa"
543f9f92c751df168f0c9bd5,2014-102 - Immigration outre-mer : Les demandes d’asile à La Réunion,France,🇫🇷,udata,Ministère de l'intérieur,https://www.data.gouv.fr/datasets/2014-102-immigration-outre-mer-les-demandes-dasile-a-la-reunion,"admission-au-sejour, asile, eloignement-des-etrangers, etranger, immigration, immigration-clandestine, immigration-irreguliere, immigre, integration, migrant",2014-10-16T12:36:29.045000+00:00,fr-lo,L’immigration dans les départements d’outre-mer et Mayotte
552277b9c751df6b70c4cc47,Stations de mesure de la qualité des eaux superficielles continentales (STQ) - Réunion,France,🇫🇷,udata,Système d'Information sur l'Eau,https://www.data.gouv.fr/datasets/stations-de-mesure-de-la-qualite-des-eaux-superficielles-continentales-stq-reunion,"dce, directive-cadre-eau, donnees-de-references-referentiels-vocabulaire-controle, donnees-ouvertes, eau-de-surface, eaux-interieures-de-surface-rivieres-et-lacs, environment, etat-du-milieu-qualite-et-quantite, france, hvd",2020-06-23T00:00:00+00:00,lov2,"La station de mesure est le lieu situé sur une entité hydrographique (cours d'eau, lacs, canaux...), sur laquelle sont effectuées des mesures ou des prélèvements en vue d'analyses physico-chimiques, microbiologiques..., afin de déterminer la qualité des milieux aquatiques à cet e"
6756b855d6f163559eab2885,Classifications des types de fonds (biologie / substrat) - côte ouest de La Réunion,France,🇫🇷,udata,Institut français de recherche pour l'exploitation de la mer (IFREMER),https://www.data.gouv.fr/datasets/classifications-des-types-de-fonds-biologie-substrat-cote-ouest-de-la-reunion,"acquisition-aerienne, classification, donnees-combinees, donnees-dobservation, donnees-ouvertes, environnement, etat-du-milieu-habitats, fonds-marins, habitats-benthiques, habitats-et-biotopes",2026-06-26T23:11:48+00:00,notspecified,"Cette image est composée de 12 classes nature de fond, regroupant des
informations de nature biologique et relatives au substrat."
597b454688ee383d3c10c6b9,Polygones élémentaires de masses d'eau souterraines - Réunion - Version Etat des Lieux 2013,France,🇫🇷,udata,Système d'Information sur l'Eau,https://www.data.gouv.fr/datasets/polygones-elementaires-de-masses-deau-souterraines-reunion-version-etat-des-lieux-2013,"donnees-de-references-referentiels-vocabulaire-controle, donnees-ouvertes, eau-souterraine, eaux-souterraines-nappes-deau, france, hvd, hydrogeologie, observation-de-la-terre-et-environnement, politique-de-lenvironnement, reunion",2014-06-18T00:00:00+00:00,lov2,"Une masse d'eau souterraine est un volume distinct d'eau souterraine à l'intérieur d'un ou de plusieurs aquifères, constituant le découpage élémentaire des milieux aquatiques destinée à être l'unité d'évaluation de la DCE. Elle permet de définir les objectifs environnementaux, d’"
543fa003c751df168f0c9bd6,2014-103 - Immigration outre-mer : Nombre d’éloignements réalisés à La Réunion,France,🇫🇷,udata,Ministère de l'intérieur,https://www.data.gouv.fr/datasets/2014-103-immigration-outre-mer-nombre-deloignements-realises-a-la-reunion,"admission-au-sejour, asile, eloignement-des-etrangers, etranger, immigration, immigration-clandestine, immigration-irreguliere, immigre, integration, migrant",2014-10-16T12:38:26.425000+00:00,fr-lo,"L’immigration dans les départements d’outre-mer et Mayotte
"
666326f17683aed116fd1016,Polygones élémentaires de masses d'eau souterraines - Réunion - Version État des Lieux 2019,France,🇫🇷,udata,Système d'Information sur l'Eau,https://www.data.gouv.fr/datasets/polygones-elementaires-de-masses-deau-souterraines-reunion-version-etat-des-lieux-2019,"dce, directive-cadre-eau, donnees-de-references-referentiels-vocabulaire-controle, donnees-ouvertes, eau-souterraine, eaux-souterraines-nappes-deau, france, hvd, hydrogeologie, observation-de-la-terre-et-environnement",2021-06-09T14:48:30+00:00,fr-lo,"Une masse d'eau souterraine est un volume distinct d'eau souterraine à l'intérieur d'un ou de plusieurs aquifères, constituant le découpage élémentaire des milieux aquatiques destinée à être l'unité d'évaluation de la DCE.

                  Les masses d'eau souterraine sont déri"
62b19ccedf32b6958b748165,Observation Participative et Partagée des structures du spectacle vivant à La Réunion,France,🇫🇷,udata,KOLET',https://www.data.gouv.fr/datasets/observation-participative-et-partagee-des-structures-du-spectacle-vivant-a-la-reunion,"la-reunion, observation-participative-et-partagee, spectacle-vivant",2022-06-21T13:05:26.225000+00:00,notspecified,"Avec le concours des principaux réseaux artistiques insulaires, les partenaires réunis au sein de l’axe observation de l’accord cadre régional pour le développement des emplois et des compétences du Spectacle Vivant à La Réunion, ont conduit une enquête sur les structures du spec"
666326e27683aed116fd1006,Tronçons élémentaires de masse d'eau cours d'eau - Réunion - Version État des Lieux 2019,France,🇫🇷,udata,Système d'Information sur l'Eau,https://www.data.gouv.fr/datasets/troncons-elementaires-de-masse-deau-cours-deau-reunion-version-etat-des-lieux-2019,"cours-deau, dce, directive-cadre-eau, donnees-de-references-referentiels-vocabulaire-controle, donnees-ouvertes, eau-continentale, eau-de-surface, environnement, france, hvd",2026-10-03T04:50:07.791000+00:00,fr-lo,Le tronçon élémentaire de masse d’eau cours d’eau permet de répondre à deux objectifs. Tout d’abord de détailler la composition de la masse d’eau cours d’eau en tronçons élémentaires situés en surface ou souterrain (de la même  manière que la BDCarthage). La  géométrie du thème M
666028112e577b5a3e9fc8f4,Territoire à risque d’inondation (TRI) du SIG Directive inondation - Réunion - rapportage 2020,France,🇫🇷,udata,Bureau de Recherches Géologiques et Minières,https://www.data.gouv.fr/datasets/territoire-a-risque-dinondation-tri-du-sig-directive-inondation-reunion-rapportage-2020-3,"cartographie, directive-inondation, donnees-ouvertes, georisques, gestion-du-risque-dinondation, hvd, inondation, la-reunion, observation-de-la-terre-et-environnement, rapportage",2024-06-05T08:55:45.619000+00:00,notspecified,Série de données géographiques produites par le SIG Directive inondation pour le territoire de la Réunion et cartographiées aux fins de rapportage pour la directive européenne sur les inondations. La Directive européenne 2007/60/CE du 23 octobre 2007 relative à l'évaluation et à 
5c5937a7634f4178e1eedafe,Données essentielles des marchés publics - Territoire de la Côte Ouest de l'île de la Réunion,France,🇫🇷,udata,Territoire de la Côte Ouest,https://www.data.gouv.fr/datasets/donnees-essentielles-des-marches-publics-territoire-de-la-cote-ouest-de-lile-de-la-reunion,decp,2019-02-05T08:14:07.125000+00:00,notspecified,Liste des marchés notifiés au 1er Octobre 2018
6756b82ad6f163559eab282c,BATHYMETRIE : MNT Hydrorun (Modèle d'approche) à 450m de maille horizontale autour de l'île de La Réunion,France,🇫🇷,udata,Institut français de recherche pour l'exploitation de la mer (IFREMER),https://www.data.gouv.fr/datasets/bathymetrie-mnt-hydrorun-modele-dapproche-a-450m-de-maille-horizontale-autour-de-lile-de-la-reunion,"altitude, bathymetrie, donnees-de-simulation, donnees-ouvertes, etat-du-milieu-bathymetrie, la-reunion, milieu-physique-bathymetrie-mnt, modelisation, ocean-indien, open-data",2026-10-02T16:32:39+00:00,notspecified,Modèle numérique de terrain de référence du modèle d'approche (maille à 450m) de la plateforme de modélisation HYDRORUN.
6756b84dd6f163559eab2877,Classification de la nature des fonds (Biologie/Substrats) des plateformes récifales de La Réunion en 2015.,France,🇫🇷,udata,Institut français de recherche pour l'exploitation de la mer (IFREMER),https://www.data.gouv.fr/datasets/classification-de-la-nature-des-fonds-biologie-substrats-des-plateformes-recifales-de-la-reunion-en-2015,"acquisitions-aeriennes, classification, coraux, donnees-combinees, donnees-dobservation, donnees-ouvertes, environnement, etat-du-milieu-habitats, fonds-marins, habitats-benthiques",2026-09-23T15:36:52.289000+00:00,notspecified,"La nature des fonds des 4 principales plateformes récifales de La Réunion se décompose en 12 classes regroupant des informations de nature biologique (dominance algue, Corail et herbiers) et relatives au substrat (sable, roche ).
 Ces résultats sont issus du traitement des images"
6756b84ed6f163559eab2878,"Paramètres topographiques et morphologiques des pentes externes du récif de Saint-Gilles, Ouest de La Réunion",France,🇫🇷,udata,Institut français de recherche pour l'exploitation de la mer (IFREMER),https://www.data.gouv.fr/datasets/parametres-topographiques-et-morphologiques-des-pentes-externes-du-recif-de-saint-gilles-ouest-de-la-reunion,"bathymetrie, benthique, directive-habitat-faune-et-flore, donnees-de-simulation, donnees-ouvertes, environnement, etat-du-milieu-bathymetrie, etat-du-milieu-geologie, etat-du-milieu-habitats, habitat",2026-10-03T03:39:06.598000+00:00,notspecified,"Ce produit regroupe cinq couches d’information descriptives de la topographie et la morphologie des pentes externes du récif de Saint-Gilles / l’Ermitage. Ces données ont été produites dans le cadre du travail de recherche mené sur les projets NExT, DYMATURE, HATOCAM et CHARC por"
6756b875d6f163559eab28c2,Images du fond marin corrigées des effets de la colonne d'eau - côte ouest de La Réunion,France,🇫🇷,udata,Institut français de recherche pour l'exploitation de la mer (IFREMER),https://www.data.gouv.fr/datasets/images-du-fond-marin-corrigees-des-effets-de-la-colonne-deau-cote-ouest-de-la-reunion,"acquisition-aerienne, donnees-dobservation-in-situ, donnees-ouvertes, etat-du-milieu-geologie, etat-du-milieu-habitats, fonds-marins, habitats-benthiques, hyperspectral, imagerie-imagerie-aerienne-imagerie-hyperspectrale, la-reunion",2026-09-29T16:09:09.258000+00:00,notspecified,"Ces images sont issues de la correction de la colonne d’eau sur les données hyperspectrales. Le traitement permet de générer une composition colorée Rouge Vert Bleu telle qu’elle serait après retrait théorique de la colonne d’eau. Selon les secteurs, les fonds marins peuvent être"
66d10b85e54619e699709378,Modes de garde et d'accueil des enfants âgés de moins de 3 ans à La Réunion,France,🇫🇷,udata,Ministère des Solidarités et de la Santé,https://www.data.gouv.fr/datasets/modes-de-garde-et-daccueil-des-enfants-ages-de-moins-de-3-ans-a-la-reunion,"articulation-vies-famililale-et-professionnelle, conciliation-vie-familiale-et-professionnelle, enfance-jeunesse-famille, enquete-modes-de-garde-et-daccueil-des-jeunes-enfants-mdg, jeune-enfant, mode-daccueil, mode-de-garde",2024-08-26T13:55:21+00:00,lov2,L’enquête Modes de garde et d’accueil des jeunes enfants (MDG) offre un panorama complet des organisations des familles avec jeunes enfants en matière d’articulation entre vie familiale et vie professionnelle. Elle permet en particulier d’appréhender les recours et les souhaits d
64003d949a1f76a30e23737a,Part des véhicules à faibles émissions dans le renouvellement d'un parc (organisation CONSEIL DÉPARTEMENTAL DE LA RÉUNION),France,🇫🇷,udata,CONSEIL DÉPARTEMENTAL DE LA RÉUNION,https://www.data.gouv.fr/datasets/part-des-vehicules-a-faibles-emissions-dans-le-renouvellement-dun-parc-organisation-conseil-departemental-de-la-reunion,,2025-04-01T05:57:56.666000+00:00,notspecified,"Ce jeu de données répond au spécifications du schéma ""Part des véhicules à faibles émissions dans le renouvellement d'un parc"" disponible sur le site [schema.data.gouv.fr](https://schema.data.gouv.fr/etalab/schema-vehicules-faibles-emissions-renouvellement-parc)"
5b758e2f634f413cca43980b,Inventaire des archives du climat conservées dans les centres de la Direction InterRégionale Océan Indien (La Réunion),France,🇫🇷,udata,Météo-France,https://www.data.gouv.fr/datasets/inventaire-des-archives-du-climat-conservees-dans-les-centres-de-la-direction-interregionale-ocean-indien-la-reunion,"archive, archives, climat, climatologie, mesures, meteo, meteofrance, meteorologie, observations, ocean-indien",2024-12-18T13:24:51.112000+00:00,fr-lo,"**Fourniture, au format xml, des inventaires des fonds d'archives du climat de la Direction Interrégionale Océan Indien.**

Météo-France conserve ses archives du climat pour assurer ses missions de conservation de la mémoire du climat et de caractérisation scientifique du climat "
6756b841d6f163559eab285e,BATHYMETRIE : MNT Hydrorun à 100m pour les 6 modèles de rang 3 autour de l'île de La Réunion,France,🇫🇷,udata,Institut français de recherche pour l'exploitation de la mer (IFREMER),https://www.data.gouv.fr/datasets/bathymetrie-mnt-hydrorun-a-100m-pour-les-6-modeles-de-rang-3-autour-de-lile-de-la-reunion,"altitude, bathymetrie, donnees-de-simulation, donnees-ouvertes, etat-du-milieu-bathymetrie, la-reunion, milieu-physique-bathymetrie-mnt, modelisation, ocean-indien, open-data",2026-10-02T16:41:39+00:00,notspecified,Modèle numérique de terrain de référence des 6 modèles côtiers (maille à 100m)  de la plateforme de modélisation HYDRORUN.
597b4527c751df0709bff266,Points de prélèvements associés aux stations de la mesure de la qualité des eaux superficielles continentales (STQ) - Réunion,France,🇫🇷,udata,Système d'Information sur l'Eau,https://www.data.gouv.fr/datasets/points-de-prelevements-associes-aux-stations-de-la-mesure-de-la-qualite-des-eaux-superficielles-continentales-stq-reunion,"dce, directive-cadre-eau, donnees-de-references-referentiels-vocabulaire-controle, donnees-ouvertes, eau-de-surface, eaux-interieures-de-surface-rivieres-et-lacs, environment, etat-du-milieu-qualite-et-quantite, france, hvd",2020-06-23T00:00:00+00:00,lov2,"Le point de prélèvement est un sous-espace caractéristique et représentatif pour l'objet qui lui a été défini de la station, qui est clairement identifié et localisé afin d'y effectuer de façon répétitive des mesures pour une connaissance approfondie du milieu à l'endroit de la s"
6756b897d6f163559eab28ff,HOULE : Direction et période moyenne annuelle de la houle autour de La Réunion (10 ans de modélisation – maille irrégulière),France,🇫🇷,udata,Institut français de recherche pour l'exploitation de la mer (IFREMER),https://www.data.gouv.fr/datasets/houle-direction-et-periode-moyenne-annuelle-de-la-houle-autour-de-la-reunion-10-ans-de-modelisation-maille-irreguliere-1,"caracteristiques-geographiques-oceanographiques, donnees-de-simulation, donnees-ouvertes, environnement, etat-de-mer, etat-du-milieu-hydrodynamique, houle, hydrodynamisme, la-reunion, milieu-physique-hydrodynamique-houle",2026-08-05T00:09:57.392000+00:00,notspecified,"Dans le cadre du projet Hydrorun, pour le développement de la plateforme de modélisation, une base d'archives de 10 ans de données d'état de mer a été réalisée.  
Ce modèle dont l'emprise initiale est régionale (englobe l'Ile Maurice) exploite le code spectral d'états de mer Wave"
6756b836d6f163559eab2848,Représentation des reliefs des fonds marins des zones récifales de la côte ouest de l'île de La Réunion (2015),France,🇫🇷,udata,Institut français de recherche pour l'exploitation de la mer (IFREMER),https://www.data.gouv.fr/datasets/representation-des-reliefs-des-fonds-marins-des-zones-recifales-de-la-cote-ouest-de-lile-de-la-reunion-2015,"acquisitions-aeriennes, bathymetrie, donnees-de-simulation, donnees-ouvertes, etat-du-milieu-bathymetrie, fonds-marins, habitats-benthiques, hyperspectral, imagerie-imagerie-aerienne-imagerie-numerique, la-reunion",2026-09-26T01:03:49.441000+00:00,notspecified,Image issue du traitement des images hyperspectrales acquises en mai 2015 dans le cadre du projet HYSCORES (Ifremer/UBO/Office de l'eau Réunion) et des données Lidar 2009-2010 (Litto3D). Cette représentation des reliefs des fonds est issue de la combinaison du MNT Bathymétrique à
6a438f4e051385889e111039,"Déclaration de l'acquisition de biens issus du réemploi, de la réutilisation ou intégrant des matières recyclées (organisation Région Réunion)",France,🇫🇷,udata,Région Réunion,https://www.data.gouv.fr/datasets/declaration-de-lacquisition-de-biens-issus-du-reemploi-de-la-reutilisation-ou-integrant-des-matieres-recyclees-organisation-region-reunion,,2026-06-30T09:41:36.944000+00:00,notspecified,"Ce jeu de données répond aux spécifications du schéma ""Déclaration de l'acquisition de biens issus du réemploi, de la réutilisation ou intégrant des matières recyclées"" disponible sur le site [schema.data.gouv.fr](https://schema.data.gouv.fr/datagouv/schema-declaration-biens-reem"
6756b7fbd6f163559eab27bd,HOULE : Hauteur maximale annuelle (et trimestrielle) de la houle autour de La Réunion (10 ans de modélisation – maille irrégulière),France,🇫🇷,udata,Institut français de recherche pour l'exploitation de la mer (IFREMER),https://www.data.gouv.fr/datasets/houle-hauteur-maximale-annuelle-et-trimestrielle-de-la-houle-autour-de-la-reunion-10-ans-de-modelisation-maille-irreguliere,"caracteristiques-geographiques-oceanographiques, donnees-de-simulation, donnees-ouvertes, environnement, etat-de-mer, etat-du-milieu-hydrodynamique, houle, hydrodynamisme, la-reunion, milieu-physique-hydrodynamique-houle",2026-08-05T00:05:38.852000+00:00,notspecified,"Dans le cadre du projet Hydrorun, pour le développement de la plateforme de modélisation, une base d'archives de 10 ans de données d'état de mer a été réalisée.  
Ce modèle dont l'emprise initiale est régionale (englobe l'Ile Maurice) exploite le code spectral d'états de mer Wave"
5f3b576ef388432cf6071cc6,Horaires théoriques au format GTFS et horaires temps-réel au format GTFS-RT du réseau Car Jaune à La Réunion,France,🇫🇷,udata,Région Réunion,https://www.data.gouv.fr/datasets/horaires-theoriques-au-format-gtfs-et-horaires-temps-reel-au-format-gtfs-rt-du-reseau-car-jaune-a-la-reunion,"car-jaune, gtfs, gtfs-rt, horaires-temps-reel, horaires-theoriques, la-reunion",2026-10-03T03:33:15.711000+00:00,lov2,"Ces jeux de données proposent les horaires théoriques et temps réel du réseau interurbain Car Jaune à La Réunion.
Les horaires théoriques à jour sont également disponibles via le lien suivant : https://pysae.com/api/v2/groups/car-jaune/gtfs/pub
Les horaires temps réel à jour sont"
6756b82dd6f163559eab2833,"Nature des fonds : pourcentage de sable, algues, corail, herbier et composition colorée (Sable/Algues/Corail) - côte ouest de La Réunion",France,🇫🇷,udata,Institut français de recherche pour l'exploitation de la mer (IFREMER),https://www.data.gouv.fr/datasets/nature-des-fonds-pourcentage-de-sable-algues-corail-herbier-et-composition-coloree-sable-algues-corail-cote-ouest-de-la-reunion,"acquisition-aerienne, donnees-dobservation-in-situ, donnees-ouvertes, environnement, etat-du-milieu-habitats, fonds-marins, habitats-benthiques, habitats-et-biotopes, hyperspectral, la-reunion",2026-07-23T09:50:31.268000+00:00,notspecified,"Cette donnée permet de visualiser les taux de recouvrement des quatre principaux constituants de la plateforme récifale : le Sable, le Corail, les Algues et les Herbiers. Elle permet également de visualiser une synthèse des quatre séries de cartes précédentes. 
L'image est consti"
6756b806d6f163559eab27d9,Indice agrégé de la VCH en 2015 sur les zones récifales de la côte ouest de l'île de La Réunion.,France,🇫🇷,udata,Institut français de recherche pour l'exploitation de la mer (IFREMER),https://www.data.gouv.fr/datasets/indice-agrege-de-la-vch-en-2015-sur-les-zones-recifales-de-la-cote-ouest-de-lile-de-la-reunion,"acquisitions-aeriennes, coraux, donnees-de-simulation, donnees-ouvertes, environnement, etat-du-milieu-habitats, fonds-marins, habitats-et-biotopes, hyperspectral, imagerie-imagerie-aerienne-imagerie-numerique",2026-09-25T23:59:24.092000+00:00,notspecified,Cette représentation de la Vitalité Corallienne Hyperspectrale (VCH) permet de représenter la valeur moyenne de VCH caractérisant une bande de 20m de large comprise entre le trait de côte et le front récifal (intégrant toute la largeur de la plateforme récifale). Elle permet d'ap
661d00fb39e1da0ce7219c32,Part des véhicules à faibles émissions dans le renouvellement d'un parc (organisation CNAM Direction du service médical de la Réunion),France,🇫🇷,udata,CNAM Direction du service médical de la Réunion,https://www.data.gouv.fr/datasets/part-des-vehicules-a-faibles-emissions-dans-le-renouvellement-dun-parc-organisation-cnam-direction-du-service-medical-de-la-reunion,,2024-10-07T08:30:48.695000+00:00,notspecified,"Années 2022_2023
Ce jeu de données répond au spécifications du schéma ""Part des véhicules à faibles émissions dans le renouvellement d'un parc"" disponible sur le site [schema.data.gouv.fr](https://schema.data.gouv.fr/etalab/schema-vehicules-faibles-emissions-renouvellement-parc)"
6756b80ed6f163559eab27ec,Indice agrégé de la VCH en 2009 sur les zones récifales de la côte ouest de l'île de La Réunion.,France,🇫🇷,udata,Institut français de recherche pour l'exploitation de la mer (IFREMER),https://www.data.gouv.fr/datasets/indice-agrege-de-la-vch-en-2009-sur-les-zones-recifales-de-la-cote-ouest-de-lile-de-la-reunion,"acquisitions-aeriennes, coraux, donnees-de-simulation, donnees-ouvertes, environnement, etat-du-milieu-habitats, fonds-marins, habitats-et-biotopes, hyperspectral, imagerie-imagerie-aerienne-imagerie-numerique",2026-09-24T13:52:40.627000+00:00,notspecified,Cette représentation de la Vitalité Corallienne Hyperspectrale (VCH) permet de représenter la valeur moyenne de VCH caractérisant une bande de 20m de large comprise entre le trait de côte et le front récifal (intégrant toute la largeur de la plateforme récifale). Elle permet d'ap
6756b820d6f163559eab2816,"Répartition des ""Entités Coralliennes"" (raster) en 2015 sur les plateformes récifales de la côte ouest de l'île de La Réunion.",France,🇫🇷,udata,Institut français de recherche pour l'exploitation de la mer (IFREMER),https://www.data.gouv.fr/datasets/repartition-des-entites-coralliennes-raster-en-2015-sur-les-plateformes-recifales-de-la-cote-ouest-de-lile-de-la-reunion,"acquisitions-aeriennes, coraux, donnees-combinees, donnees-ouvertes, entites-coralliennes, environnement, etat-du-milieu-habitats, fonds-marins, habitats-et-biotopes, hyperspectral",2026-09-25T14:21:43.104000+00:00,notspecified,"Les ""entités coralliennes"" constituent un indicateur spatialisé issu des données de couverture corallienne à haute résolution spatiale (40 cm) obtenues à partir du traitement des images hyperspectrales acquises en Mai 2015 (Projet HYSCORES : Ifremer/UBO/Office de l'eau Réunion) a"
6756b8b1d6f163559eab292b,"Répartition des ""Entités Coralliennes"" (raster) en 2009 sur les plateformes récifales de la côte ouest de l'île de La Réunion.",France,🇫🇷,udata,Institut français de recherche pour l'exploitation de la mer (IFREMER),https://www.data.gouv.fr/datasets/repartition-des-entites-coralliennes-raster-en-2009-sur-les-plateformes-recifales-de-la-cote-ouest-de-lile-de-la-reunion,"acquisitions-aeriennes, coraux, donnees-combinees, donnees-ouvertes, entites-coralliennes, environnement, etat-du-milieu-habitats, fonds-marins, habitats-et-biotopes, hyperspectral",2026-09-25T11:59:48.587000+00:00,notspecified,"Les ""entités coralliennes"" constituent un indicateur spatialisé issu des données de couverture corallienne à haute résolution spatiale (40 cm) obtenues à partir du traitement des images hyperspectrales acquises en Mai 2015 (Projet HYSCORES : Ifremer/UBO/OLE) ainsi qu'en 2009-2010"
6756b7f7d6f163559eab27b8,"Répartition des ""Entités Coralliennes"" (vecteur) en 2015 sur les plateformes récifales de la côte ouest de l'île de La Réunion.",France,🇫🇷,udata,Institut français de recherche pour l'exploitation de la mer (IFREMER),https://www.data.gouv.fr/datasets/repartition-des-entites-coralliennes-vecteur-en-2015-sur-les-plateformes-recifales-de-la-cote-ouest-de-lile-de-la-reunion,"acquisitions-aeriennes, coraux, donnees-combinees, donnees-ouvertes, entites-coralliennes, environnement, etat-du-milieu-habitats, fonds-marins, habitats-et-biotopes, hyperspectral",2026-09-25T06:23:15.528000+00:00,notspecified,"Les ""entités coralliennes"" constituent un indicateur spatialisé issu des données de couverture corallienne à haute résolution spatiale (40 cm) obtenues à partir du traitement des images hyperspectrales acquises en Mai 2015 (Projet HYSCORES : Ifremer/UBO/OLE) ainsi qu'en 2009-2010"
6756b831d6f163559eab283d,"Répartition des ""Entités Coralliennes"" (vecteur) en 2009 sur les plateformes récifales de la côte ouest de l'île de La Réunion.",France,🇫🇷,udata,Institut français de recherche pour l'exploitation de la mer (IFREMER),https://www.data.gouv.fr/datasets/repartition-des-entites-coralliennes-vecteur-en-2009-sur-les-plateformes-recifales-de-la-cote-ouest-de-lile-de-la-reunion,"acquisitions-aeriennes, coraux, donnees-combinees, donnees-ouvertes, entites-coralliennes, environnement, etat-du-milieu-habitats, fonds-marins, habitats-et-biotopes, hyperspectral",2026-09-25T14:28:46.732000+00:00,notspecified,"Les ""entités coralliennes"" constituent un indicateur spatialisé issu des données de couverture corallienne à haute résolution spatiale (40 cm) obtenues à partir du traitement des images hyperspectrales acquises en Mai 2015 (Projet HYSCORES : Ifremer/UBO/Office de l'eau Réunion) a"
6756b810d6f163559eab27f2,Images en pseudo couleurs des fonds marins des zones récifales de la côte ouest de l'île de La Réunion (2015),France,🇫🇷,udata,Institut français de recherche pour l'exploitation de la mer (IFREMER),https://www.data.gouv.fr/datasets/images-en-pseudo-couleurs-des-fonds-marins-des-zones-recifales-de-la-cote-ouest-de-lile-de-la-reunion-2015,"acquisitions-aeriennes, donnees-dobservation-in-situ, donnees-ouvertes, etat-du-milieu-bathymetrie, etat-du-milieu-geologie, etat-du-milieu-habitats, fonds-marins, habitats-benthiques, hyperspectral, imagerie-imagerie-aerienne-imagerie-hyperspectrale",2026-09-23T13:52:27.760000+00:00,notspecified,Ces images des fonds marins sont issues de la correction de la colonne d’eau sur les données hyperspectrales acquises en 2015 dans le cadre du projet HYSCORES (Ifremer/UBO/Office de l'eau Réunion). Le traitement mis en oeuvre permet de générer une composition colorée Rouge Vert B
6756b80fd6f163559eab27ef,HOULE : Hauteur significative (Hs) moyenne annuelle et trimestrielle de la houle autour de La Réunion (10 ans de modélisation – maille irrégulière),France,🇫🇷,udata,Institut français de recherche pour l'exploitation de la mer (IFREMER),https://www.data.gouv.fr/datasets/houle-hauteur-significative-hs-moyenne-annuelle-et-trimestrielle-de-la-houle-autour-de-la-reunion-10-ans-de-modelisation-maille-irreguliere,"caracteristiques-geographiques-oceanographiques, donnees-de-simulation, donnees-ouvertes, environnement, etat-de-mer, etat-du-milieu-hydrodynamique, houle, hydrodynamisme, la-reunion, milieu-physique-hydrodynamique-houle",2026-08-05T00:06:19.434000+00:00,notspecified,"Dans le cadre du projet Hydrorun, pour le développement de la plateforme de modélisation, une base d'archives de 10 ans de données d'état de mer a été réalisé.  
Ce modèle dont l'emprise initiale est régionale (englobe l'Ile Maurice) exploite le code spectral d'états de mer Wavew"
6756b8aed6f163559eab2927,MNT Bathymétrique à haute résolution des fonds marins des zones récifales de la côte ouest de l'île de La Réunion (2015),France,🇫🇷,udata,Institut français de recherche pour l'exploitation de la mer (IFREMER),https://www.data.gouv.fr/datasets/mnt-bathymetrique-a-haute-resolution-des-fonds-marins-des-zones-recifales-de-la-cote-ouest-de-lile-de-la-reunion-2015,"acquisitions-aeriennes, altitude, bathymetrie, donnees-de-simulation, donnees-ouvertes, etat-du-milieu-bathymetrie, fonds-marins, hyperspectral, la-reunion, letang-sale",2026-09-25T12:35:00.771000+00:00,notspecified,"Le MNT Bathymétrique à haute résolution (40 cm) des plateformes récifales de La Réunion est extrapolé du traitement de la colonne d'eau appliqué aux images hyperspectrales acquises en Mai 2015 dans le cadre du projet HYSCORES (Ifremer/UBO/Office de l'eau Réunion).
Les secteurs no"
6756b835d6f163559eab2846,Indice surfacique de la Vitalité Corallienne Hyperspectrale (VCH) des zones récifales de la côte ouest de l'île de La Réunion (2015).,France,🇫🇷,udata,Institut français de recherche pour l'exploitation de la mer (IFREMER),https://www.data.gouv.fr/datasets/indice-surfacique-de-la-vitalite-corallienne-hyperspectrale-vch-des-zones-recifales-de-la-cote-ouest-de-lile-de-la-reunion-2015,"acquisitions-aeriennes, coraux, donnees-de-simulation, donnees-ouvertes, environnement, etat-du-milieu-habitats, fonds-marins, habitats-et-biotopes, hyperspectral, imagerie-imagerie-aerienne-imagerie-numerique",2026-09-23T16:41:18.233000+00:00,notspecified,Cette représentation de la Vitalité Corallienne hyperspectrale (VCH) permet de visualiser sur 1 seule bande (0 à 100%) la couverture corallienne vivante ramenée au substrat potentiellement colonisable (Substrat dur) sur les 4 plateformes récifales de La Réunion en Mai 2015. La sy
http-www-sandre-eaufrance-fr-urn-urn-sandre-donnees-massedeauplandeau-reu-ressource-2022-vrap-html~~1,Masses d'eau plan d'eau - Réunion - Version Rapportage 2022,Union européenne,🇪🇺,dcat,Système d'Information sur l'Eau,https://data.europa.eu/data/datasets/http-www-sandre-eaufrance-fr-urn-urn-sandre-donnees-massedeauplandeau-reu-ressource-2022-vrap-html~~1,,,,
http-www-sandre-eaufrance-fr-urn-urn-sandre-donnees-massedeausouterraine-reu-ressource-2022-vrap-html~~1,Masses d'eau souterraines - Réunion - Version Rapportage 2022,Union européenne,🇪🇺,dcat,Système d'Information sur l'Eau,https://data.europa.eu/data/datasets/http-www-sandre-eaufrance-fr-urn-urn-sandre-donnees-massedeausouterraine-reu-ressource-2022-vrap-html~~1,,,,
http-www-sandre-eaufrance-fr-urn-urn-sandre-donnees-massedeausouterraine-reu-ressource-2010-vrap-html~~1,Masses d'eau souterraines - Réunion - Version Rapportage 2010,Union européenne,🇪🇺,dcat,Système d'Information sur l'Eau,https://data.europa.eu/data/datasets/http-www-sandre-eaufrance-fr-urn-urn-sandre-donnees-massedeausouterraine-reu-ressource-2010-vrap-html~~1,,,,
http-www-sandre-eaufrance-fr-urn-urn-sandre-donnees-massedeauplandeau-reu-ressource-2010-vrap-html~~1,Masses d'eau Plan d'eau - Réunion - Version Rapportage 2010,Union européenne,🇪🇺,dcat,DEAL Réunion,https://data.europa.eu/data/datasets/http-www-sandre-eaufrance-fr-urn-urn-sandre-donnees-massedeauplandeau-reu-ressource-2010-vrap-html~~1,,,,
http-www-sandre-eaufrance-fr-urn-urn-sandre-donnees-tronconhydrograelt-reu-ressource-2012-html~~1,Tronçons hydrographiques élémentaires - Réunion 2012 - BD Carthage,Union européenne,🇪🇺,dcat,DEAL Réunion,https://data.europa.eu/data/datasets/http-www-sandre-eaufrance-fr-urn-urn-sandre-donnees-tronconhydrograelt-reu-ressource-2012-html~~1,,,,
http-www-sandre-eaufrance-fr-urn-urn-sandre-donnees-massedeaucotiere-reu-ressource-2010-vrap-html~~1,Masses d'eau côtières - Réunion - Version Rapportage 2010,Union européenne,🇪🇺,dcat,DEAL Réunion,https://data.europa.eu/data/datasets/http-www-sandre-eaufrance-fr-urn-urn-sandre-donnees-massedeaucotiere-reu-ressource-2010-vrap-html~~1,,,,
http-www-sandre-eaufrance-fr-urn-urn-sandre-donnees-courseau-reu-ressource-2012-html~~1,Cours d'eau - Réunion 2012 - BD Carthage,Union européenne,🇪🇺,dcat,Système d'Information sur l'Eau,https://data.europa.eu/data/datasets/http-www-sandre-eaufrance-fr-urn-urn-sandre-donnees-courseau-reu-ressource-2012-html~~1,,,,
http-www-sandre-eaufrance-fr-urn-urn-sandre-donnees-laisseeaux-reu-ressource-2012-html~~1,Laisse des eaux - Réunion 2012 - BD Carthage,Union européenne,🇪🇺,dcat,DEAL Réunion,https://data.europa.eu/data/datasets/http-www-sandre-eaufrance-fr-urn-urn-sandre-donnees-laisseeaux-reu-ressource-2012-html~~1,,,,
http-www-sandre-eaufrance-fr-urn-urn-sandre-donnees-massedeaucotiere-reu-ressource-2016-vrap-html~~1,Masses d'eau Côtières - Reunion - Version Rapportage 2016,Union européenne,🇪🇺,dcat,Système d'Information sur l'Eau,https://data.europa.eu/data/datasets/http-www-sandre-eaufrance-fr-urn-urn-sandre-donnees-massedeaucotiere-reu-ressource-2016-vrap-html~~1,,,,
http-www-sandre-eaufrance-fr-urn-urn-sandre-ensembledonnees-bdcarthage-reu-ressource-2012-html,BD Carthage Réunion - 2012,Union européenne,🇪🇺,dcat,Système d'Information sur l'Eau,https://data.europa.eu/data/datasets/http-www-sandre-eaufrance-fr-urn-urn-sandre-ensembledonnees-bdcarthage-reu-ressource-2012-html,,2012-04-03T00:00:00,,
http-www-sandre-eaufrance-fr-urn-urn-sandre-donnees-polygmassedeausouterraine-reu-ressource-2019-vedl-html,Elementary polygons of groundwater bodies - Réunion - State of the Places Version 2019,Union européenne,🇪🇺,dcat,BRGM,https://data.europa.eu/data/datasets/http-www-sandre-eaufrance-fr-urn-urn-sandre-donnees-polygmassedeausouterraine-reu-ressource-2019-vedl-html,,,,
http-www-sandre-eaufrance-fr-urn-urn-sandre-donnees-massedeausouterraine-reu-ressource-2013-vedl-html~~1,Masses d'eau souterraines - Réunion - Version Etat des Lieux 2013,Union européenne,🇪🇺,dcat,Système d'Information sur l'Eau,https://data.europa.eu/data/datasets/http-www-sandre-eaufrance-fr-urn-urn-sandre-donnees-massedeausouterraine-reu-ressource-2013-vedl-html~~1,,,,
http-www-sandre-eaufrance-fr-urn-urn-sandre-donnees-pointeauisole-reu-ressource-2012-html~~1,Points d'eau isolés - Réunion 2012 - BD Carthage,Union européenne,🇪🇺,dcat,Système d'Information sur l'Eau,https://data.europa.eu/data/datasets/http-www-sandre-eaufrance-fr-urn-urn-sandre-donnees-pointeauisole-reu-ressource-2012-html~~1,,,,
6756b841d6f163559eab285d,COURANT : Vitesse maximale annuelle (et trimestrielle) du courant barotrope et de surface autour de La Réunion (année de simulation : 2006 – maille 450m),France,🇫🇷,udata,Institut français de recherche pour l'exploitation de la mer (IFREMER),https://www.data.gouv.fr/datasets/courant-vitesse-maximale-annuelle-et-trimestrielle-du-courant-barotrope-et-de-surface-autour-de-la-reunion-annee-de-simulation-2006-maille-450m,"caracteristiques-geographiques-oceanographiques, courantologie, courants, donnees-de-simulation, donnees-ouvertes, environnement, etat-du-milieu-hydrodynamique, hydrodynamisme, la-reunion, milieu-physique-hydrodynamique-courants",2026-08-05T00:07:35.483000+00:00,notspecified,"La modélisation des courants consiste à recalculer, pour chaque pas de temps, les composantes vitesses et directions du courant en chacune des maille du modèle, pour chaque niveau de profondeur (30) sur la totalité de l'emprise (~7 millions de cellules recalculées à chaque pas de"
6756b7fbd6f163559eab27bf,COURANT : Direction et vitesse moyenne annuelle du courant barotrope et de surface autour de La Réunion (année de simulation : 2006 – maille 450m),France,🇫🇷,udata,Institut français de recherche pour l'exploitation de la mer (IFREMER),https://www.data.gouv.fr/datasets/courant-direction-et-vitesse-moyenne-annuelle-du-courant-barotrope-et-de-surface-autour-de-la-reunion-annee-de-simulation-2006-maille-450m-1,"caracteristiques-geographiques-oceanographiques, courantologie, courants, donnees-de-simulation, donnees-ouvertes, environnement, etat-du-milieu-hydrodynamique, hydrodynamisme, la-reunion, milieu-physique-hydrodynamique-courants",2026-09-03T17:08:46.570000+00:00,notspecified,"La modélisation des courants consiste à recalculer, pour chaque pas de temps, les composantes vitesses et directions du courant en chacune des maille du modèle, pour chaque niveau de profondeur (30) sur la totalité de l'emprise (~7 millions de cellules recalculées à chaque pas de"
6756b83ed6f163559eab2859,COURANT : Vitesse moyenne annuelle (et trimestrielle) du courant barotrope et de surface autour de La Réunion (année de simulation : 2006 – maille 450m),France,🇫🇷,udata,Institut français de recherche pour l'exploitation de la mer (IFREMER),https://www.data.gouv.fr/datasets/courant-vitesse-moyenne-annuelle-et-trimestrielle-du-courant-barotrope-et-de-surface-autour-de-la-reunion-annee-de-simulation-2006-maille-450m,"caracteristiques-geographiques-oceanographiques, courantologie, courants, donnees-de-simulation, donnees-ouvertes, environnement, etat-du-milieu-hydrodynamique, hydrodynamisme, la-reunion, milieu-physique-hydrodynamique-courants",2026-07-23T09:54:25.434000+00:00,notspecified,"La modélisation des courants consiste à recalculer, pour chaque pas de temps, les composantes vitesses et directions du courant en chacune des mailles du modèle, pour chaque niveau de profondeur (30) sur la totalité de l'emprise (~7 millions de cellules recalculées à chaque pas d"
6756b7fcd6f163559eab27c0,"Différentiels 2009-2015 de la répartition des ""Entités Coralliennes"" sur les plateformes récifales de la côte ouest de l'île de La Réunion. [RASTER]",France,🇫🇷,udata,Institut français de recherche pour l'exploitation de la mer (IFREMER),https://www.data.gouv.fr/datasets/differentiels-2009-2015-de-la-repartition-des-entites-coralliennes-sur-les-plateformes-recifales-de-la-cote-ouest-de-lile-de-la-reunion-raster,"acquisitions-aeriennes, coraux, donnees-combinees, donnees-ouvertes, entites-coralliennes, environnement, etat-du-milieu-habitats, fonds-marins, habitats-et-biotopes, hyperspectral",2026-09-25T22:26:05.254000+00:00,notspecified,"Les ""entités coralliennes"" constituent un indicateur spatialisé issu des données de couverture corallienne à haute résolution spatiale (40 cm) obtenues à partir du traitement des images hyperspectrales acquises en Mai 2015 (Projet HYSCORES : Ifremer/UBO/Office de l'eau Réunion) a"
69c1d44ce7e0bc4f551580ef,Concession de service public - Désignation office enregistrement - Gestion et développement du domaine Internet de premier niveau pour le .re(Ile de la Reunion)),France,🇫🇷,udata,Ministères économiques et financiers,https://www.data.gouv.fr/datasets/concession-de-service-public-designation-office-enregistrement-gestion-et-developpement-du-domaine-internet-de-premier-niveau-pour-le-re-ile-de-la-reunion,"commande-publique, concession, ile-de-la-reunion, office-denregistrement, ultra-marins",2026-03-24T13:42:30.164000+00:00,notspecified,Concession de service public - Désignation office enregistrement - Gestion et développement du domaine Internet de premier niveau pour le .re(Ile de la Reunion))
6756b7fad6f163559eab27bc,COURANT : Percentile 90 de la vitesse journalière du courant barotrope et de surface autour de La Réunion (année de simulation : 2006 – maille 450m),France,🇫🇷,udata,Institut français de recherche pour l'exploitation de la mer (IFREMER),https://www.data.gouv.fr/datasets/courant-percentile-90-de-la-vitesse-journaliere-du-courant-barotrope-et-de-surface-autour-de-la-reunion-annee-de-simulation-2006-maille-450m,"caracteristiques-geographiques-oceanographiques, courantologie, courants, donnees-de-simulation, donnees-ouvertes, environnement, etat-du-milieu-hydrodynamique, hydrodynamisme, la-reunion, milieu-physique-hydrodynamique-courants",2026-08-05T00:05:38.611000+00:00,notspecified,"La modélisation des courants consiste à recalculer, pour chaque pas de temps, les composantes vitesses et directions du courant en chacune des maille du modèle, pour chaque niveau de profondeur (30) sur la totalité de l'emprise (~7 millions de cellules recalculées à chaque pas de"
6756b82dd6f163559eab2834,Différentiels 2009-2015 de la VCH (Vitalité Corallienne Hyperspectrale) sur les plateformes récifales de la côte ouest de l'île de La Réunion (2015).,France,🇫🇷,udata,Institut français de recherche pour l'exploitation de la mer (IFREMER),https://www.data.gouv.fr/datasets/differentiels-2009-2015-de-la-vch-vitalite-corallienne-hyperspectrale-sur-les-plateformes-recifales-de-la-cote-ouest-de-lile-de-la-reunion-2015,"acquisitions-aeriennes, coraux, donnees-de-simulation, donnees-ouvertes, environnement, etat-du-milieu-habitats, fonds-marins, habitats-et-biotopes, hyperspectral, imagerie-imagerie-aerienne-imagerie-numerique",2026-09-25T15:04:08.976000+00:00,notspecified,Cette représentation agrégée de la VCH permet de représenter  les différences observées entre 2009 et 2015 dans les valeurs moyennes de vitalité corallienne hyperspectrale caractérisant une bande de 20m de large comprise entre le trait de côte et le front récifal (intégrant toute
6756b889d6f163559eab28e6,Evolution comparative 2009-2015 de la répartition des entités coralliennes sur les plateformes récifales de la côte ouest de l'île de La Réunion. [POLYLIGNE],France,🇫🇷,udata,Institut français de recherche pour l'exploitation de la mer (IFREMER),https://www.data.gouv.fr/datasets/evolution-comparative-2009-2015-de-la-repartition-des-entites-coralliennes-sur-les-plateformes-recifales-de-la-cote-ouest-de-lile-de-la-reunion-polyligne,"acquisitions-aeriennes, coraux, donnees-combinees, donnees-de-simulation, donnees-ouvertes, entites-coralliennes, environnement, etat-du-milieu-habitats, fonds-marins, habitats-et-biotopes",2026-09-25T15:20:39.113000+00:00,notspecified,"Les ""entités coralliennes"" constituent un indicateur spatialisé issu des données de couverture corallienne à haute résolution spatiale (40 cm) obtenues à partir du traitement des images hyperspectrales acquises en Mai 2015 (Projet HYSCORES : Ifremer/UBO/Office de l'eau Réunion) a"
6a311f96e2057cd020fc2609,"Déclaration de l'acquisition de biens issus du réemploi, de la réutilisation ou intégrant des matières recyclées (organisation Communauté intercommunale du nord de la réunion )",France,🇫🇷,udata,Communauté intercommunale du nord de la réunion ,https://www.data.gouv.fr/datasets/declaration-de-lacquisition-de-biens-issus-du-reemploi-de-la-reutilisation-ou-integrant-des-matieres-recyclees-organisation-communaute-intercommunale-du-nord-de-la-reunion,,2026-06-16T10:04:08.751000+00:00,notspecified,"Ce jeu de données répond aux spécifications du schéma ""Déclaration de l'acquisition de biens issus du réemploi, de la réutilisation ou intégrant des matières recyclées"" disponible sur le site [schema.data.gouv.fr](https://schema.data.gouv.fr/datagouv/schema-declaration-biens-reem"
6756b8a7d6f163559eab291a,TEMPERATURE : Température moyenne annuelle de surface et de fond et température moyenne de surface pour le mois le plus chaud (Fév.) et le mois le plus froid (Juil.) autour de La Réunion (année de simulation : 2006 - maille 450 m),France,🇫🇷,udata,Institut français de recherche pour l'exploitation de la mer (IFREMER),https://www.data.gouv.fr/datasets/temperature-temperature-moyenne-annuelle-de-surface-et-de-fond-et-temperature-moyenne-de-surface-pour-le-mois-le-plus-chaud-fev-et-le-mois-le-plus-froid-juil-autour-de-la-reunion-annee-de-simulation-2006-maille-450-m,"caracteristiques-geographiques-oceanographiques, donnees-de-simulation, donnees-ouvertes, environnement, etat-du-milieu-hydrodynamique, la-reunion, milieu-physique-climatologie, modelisation, ocean-indien, open-data",2026-08-05T00:10:22.584000+00:00,notspecified,"La modélisation de la température consiste à recalculer, pour chaque pas de temps, la température en chacune des maille du modèle, pour chaque niveau de profondeur (30) sur la totalité de l'emprise (~7 millions de cellules recalculées à chaque pas de temps). Dans le cadre du proj"
http-www-sandre-eaufrance-fr-urn-urn-sandre-donnees-polygmassedeausouterraine-reu-ressource-2010-vrap-html~~1,Polygones élémentaires de masses d'eau souterraines - Réunion - Version Rapportage 2010,Union européenne,🇪🇺,dcat,Système d'Information sur l'Eau,https://data.europa.eu/data/datasets/http-www-sandre-eaufrance-fr-urn-urn-sandre-donnees-polygmassedeausouterraine-reu-ressource-2010-vrap-html~~1,,,,
http-www-sandre-eaufrance-fr-urn-urn-sandre-donnees-bassinversanttopographique-reu-ressource-2026-topage-2-2-html,Bassins versant topographiques - Réunion 2026 - BD Topage®,Union européenne,🇪🇺,dcat,OFB,https://data.europa.eu/data/datasets/http-www-sandre-eaufrance-fr-urn-urn-sandre-donnees-bassinversanttopographique-reu-ressource-2026-topage-2-2-html,,,,
http-www-sandre-eaufrance-fr-urn-urn-sandre-donnees-laisseeaux-reu-ressource-2026-topage-2-2-html,Laisses des eaux - Réunion 2026 - BD Topage®,Union européenne,🇪🇺,dcat,OFB,https://data.europa.eu/data/datasets/http-www-sandre-eaufrance-fr-urn-urn-sandre-donnees-laisseeaux-reu-ressource-2026-topage-2-2-html,,,,
http-www-sandre-eaufrance-fr-urn-urn-sandre-donnees-noeudhydrographique-reu-ressource-2026-topage-2-2-html,Nœuds hydrographiques - Réunion 2026 - BD Topage®,Union européenne,🇪🇺,dcat,Système d'Information sur l'Eau,https://data.europa.eu/data/datasets/http-www-sandre-eaufrance-fr-urn-urn-sandre-donnees-noeudhydrographique-reu-ressource-2026-topage-2-2-html,,,,
http-www-sandre-eaufrance-fr-urn-urn-sandre-donnees-surfaceelementaire-reu-ressource-2026-topage-2-2-html,Surfaces élémentaires - Réunion 2026 - BD Topage®,Union européenne,🇪🇺,dcat,OFB,https://data.europa.eu/data/datasets/http-www-sandre-eaufrance-fr-urn-urn-sandre-donnees-surfaceelementaire-reu-ressource-2026-topage-2-2-html,,,,
http-www-sandre-eaufrance-fr-urn-urn-sandre-donnees-courseau-reu-ressource-2026-topage-2-2-html,Cours d'eau - Réunion 2026 - BD Topage®,Union européenne,🇪🇺,dcat,OFB,https://data.europa.eu/data/datasets/http-www-sandre-eaufrance-fr-urn-urn-sandre-donnees-courseau-reu-ressource-2026-topage-2-2-html,,,,
http-www-sandre-eaufrance-fr-urn-urn-sandre-donnees-massedeauplandeau-reu-ressource-2016-vrap-html~~1,Masses d'eau plan d'eau - Réunion - Version Rapportage 2016,Union européenne,🇪🇺,dcat,Système d'Information sur l'Eau,https://data.europa.eu/data/datasets/http-www-sandre-eaufrance-fr-urn-urn-sandre-donnees-massedeauplandeau-reu-ressource-2016-vrap-html~~1,,,,
472f2a7c-b36e-4e39-977a-e7bf9a577adc,Positions of the observations of the different cetacean species around Reunion Island,Union européenne,🇪🇺,dcat,,https://data.europa.eu/data/datasets/472f2a7c-b36e-4e39-977a-e7bf9a577adc,,,,
22e5ee9a-f4b7-4bb9-8d2b-b1a5d8fbeb63,2017 - Positions of the observations of the different cetacean species around Reunion Island in 2017,Union européenne,🇪🇺,dcat,GLOBICE,https://data.europa.eu/data/datasets/22e5ee9a-f4b7-4bb9-8d2b-b1a5d8fbeb63,,,,
66acb307-7c2d-4463-84e6-4dc52e2f7b33,2014 - Positions of the observations of the different cetacean species around Reunion Island in 2014,Union européenne,🇪🇺,dcat,,https://data.europa.eu/data/datasets/66acb307-7c2d-4463-84e6-4dc52e2f7b33,,,,
77fd3760-089f-40c2-a234-b47c6715f538,2010 - Relative abundance of different cetacean species around Reunion Island in 2010 according to a 2kmx2km grid,Union européenne,🇪🇺,dcat,,https://data.europa.eu/data/datasets/77fd3760-089f-40c2-a234-b47c6715f538,,,,
fa0bd147-2991-4570-9140-d875afb44ca5,2011 - Relative abundance of different cetacean species around Reunion Island in 2011 according to a 2kmx2km grid,Union européenne,🇪🇺,dcat,,https://data.europa.eu/data/datasets/fa0bd147-2991-4570-9140-d875afb44ca5,,,,
cafaf3cd-f562-445a-9aac-3480999478f1,2012 - Relative abundance of different cetacean species around Reunion Island in 2012 according to a 2kmx2km grid,Union européenne,🇪🇺,dcat,,https://data.europa.eu/data/datasets/cafaf3cd-f562-445a-9aac-3480999478f1,,,,
a225f369-51e5-424c-8d5d-8ad0b822acb9,"Meeting Island, Piton de la Fournaise, Site de Formica Léo, Levés TLS 2010 & 2011",Union européenne,🇪🇺,dcat,,https://data.europa.eu/data/datasets/a225f369-51e5-424c-8d5d-8ad0b822acb9,,,,
8d448243-f56d-4365-a411-eb0928b67c00,Communes of Reunion,Union européenne,🇪🇺,dcat,,https://data.europa.eu/data/datasets/8d448243-f56d-4365-a411-eb0928b67c00,,2019-02-03T17:53:13,,
https-data-shom-fr-donnees-contexte-port_del_shom_data_context_peche-http-www-sandre-eaufrance-fr-atlas-srv-metadata-08c26556-da79-4b5e-a160-9190df1ac96d,Limits on fishing practices,Union européenne,🇪🇺,dcat,Système d'Information sur l'Eau,https://data.europa.eu/data/datasets/https-data-shom-fr-donnees-contexte-port_del_shom_data_context_peche-http-www-sandre-eaufrance-fr-atlas-srv-metadata-08c26556-da79-4b5e-a160-9190df1ac96d,,,,
http-www-sandre-eaufrance-fr-urn-urn-sandre-donnees-massedeauriviere-reu-ressource-2016-vrap-html~~1,Masses d'eau Cours d'eau - Reunion - Version Rapportage 2016,Union européenne,🇪🇺,dcat,Agence française pour la biodiversité (AFB) - Pôle de Vincennes (ex Office national de l'eau et des milieux aquatiques),https://data.europa.eu/data/datasets/http-www-sandre-eaufrance-fr-urn-urn-sandre-donnees-massedeauriviere-reu-ressource-2016-vrap-html~~1,,,,
http-www-sandre-eaufrance-fr-urn-urn-sandre-donnees-massedeaucotiere-reu-ressource-2013-vedl-html~~1,Masses d'eau Côtières - Reunion - Version Etat des Lieux 2013,Union européenne,🇪🇺,dcat,Système d'Information sur l'Eau,https://data.europa.eu/data/datasets/http-www-sandre-eaufrance-fr-urn-urn-sandre-donnees-massedeaucotiere-reu-ressource-2013-vedl-html~~1,,,,
http-www-sandre-eaufrance-fr-urn-urn-sandre-donnees-stationmesureeauxsurfacepointsprel-reu-ressource-html~~1,Points de prélèvements associés aux stations de la mesure de la qualité des eaux superficielles continentales (STQ) - Réunion,Union européenne,🇪🇺,dcat,Système d'Information sur l'Eau,https://data.europa.eu/data/datasets/http-www-sandre-eaufrance-fr-urn-urn-sandre-donnees-stationmesureeauxsurfacepointsprel-reu-ressource-html~~1,,,,
http-www-sandre-eaufrance-fr-urn-urn-sandre-donnees-noeudhydrographique-reu-ressource-2012-html~~1,Nœuds hydrographiques - Réunion 2012 - BD Carthage,Union européenne,🇪🇺,dcat,DEAL Réunion,https://data.europa.eu/data/datasets/http-www-sandre-eaufrance-fr-urn-urn-sandre-donnees-noeudhydrographique-reu-ressource-2012-html~~1,,,,
http-www-sandre-eaufrance-fr-urn-urn-sandre-donnees-stationmesureeauxsurface-reu-ressource-html~~1,Stations de mesure de la qualité des eaux superficielles continentales (STQ) - Réunion,Union européenne,🇪🇺,dcat,Office de l'Eau de la Réunion,https://data.europa.eu/data/datasets/http-www-sandre-eaufrance-fr-urn-urn-sandre-donnees-stationmesureeauxsurface-reu-ressource-html~~1,,,,
http-www-sandre-eaufrance-fr-urn-urn-sandre-donnees-entitehydrosurface-reu-ressource-2012-html~~1,Entités hydrographiques de surface - Réunion 2012 - BD Carthage,Union européenne,🇪🇺,dcat,Système d'Information sur l'Eau,https://data.europa.eu/data/datasets/http-www-sandre-eaufrance-fr-urn-urn-sandre-donnees-entitehydrosurface-reu-ressource-2012-html~~1,,,,
http-www-sandre-eaufrance-fr-urn-urn-sandre-donnees-tronconelemmassedeauriviere-reu-ressource-2010-vrap-html~~1,Tronçons élémentaires de masse d'eau cours d'eau - Réunion - Version Rapportage 2010,Union européenne,🇪🇺,dcat,Système d'Information sur l'Eau,https://data.europa.eu/data/datasets/http-www-sandre-eaufrance-fr-urn-urn-sandre-donnees-tronconelemmassedeauriviere-reu-ressource-2010-vrap-html~~1,,,,
http-www-sandre-eaufrance-fr-urn-urn-sandre-donnees-zonesensible-reu-ressource-html,Sensitive areas - Réunion,Union européenne,🇪🇺,dcat,Système d'Information sur l'Eau,https://data.europa.eu/data/datasets/http-www-sandre-eaufrance-fr-urn-urn-sandre-donnees-zonesensible-reu-ressource-html,,,,
http-www-sandre-eaufrance-fr-urn-urn-sandre-donnees-tronconelemmassedeauriviere-reu-ressource-2016-vrap-html~~1,Tronçons élémentaires de masse d'eau cours d'eau - Reunion - Version Rapportage 2016,Union européenne,🇪🇺,dcat,Agence française pour la biodiversité (AFB) - Pôle de Vincennes (ex Office national de l'eau et des milieux aquatiques),https://data.europa.eu/data/datasets/http-www-sandre-eaufrance-fr-urn-urn-sandre-donnees-tronconelemmassedeauriviere-reu-ressource-2016-vrap-html~~1,,,,
http-www-sandre-eaufrance-fr-urn-urn-sandre-donnees-zonehydro-reu-ressource-2012-html~~1,Zones hydrographiques - Réunion 2012 - BD Carthage,Union européenne,🇪🇺,dcat,DEAL Réunion,https://data.europa.eu/data/datasets/http-www-sandre-eaufrance-fr-urn-urn-sandre-donnees-zonehydro-reu-ressource-2012-html~~1,,,,
http-www-sandre-eaufrance-fr-urn-urn-sandre-donnees-soussecteurhydro-reu-ressource-2012-html~~1,Sous-Secteurs hydrographiques - Réunion 2012 - BD Carthage,Union européenne,🇪🇺,dcat,Système d'Information sur l'Eau,https://data.europa.eu/data/datasets/http-www-sandre-eaufrance-fr-urn-urn-sandre-donnees-soussecteurhydro-reu-ressource-2012-html~~1,,,,
http-www-sandre-eaufrance-fr-urn-urn-sandre-donnees-secteurhydro-reu-ressource-2012-html~~1,Secteurs hydrographiques - Réunion 2012 - BD Carthage,Union européenne,🇪🇺,dcat,Système d'Information sur l'Eau,https://data.europa.eu/data/datasets/http-www-sandre-eaufrance-fr-urn-urn-sandre-donnees-secteurhydro-reu-ressource-2012-html~~1,,,,
http-www-sandre-eaufrance-fr-urn-urn-sandre-donnees-regionhydro-reu-ressource-2012-html~~1,Régions hydrographiques - Réunion 2012 - BD Carthage,Union européenne,🇪🇺,dcat,DEAL Réunion,https://data.europa.eu/data/datasets/http-www-sandre-eaufrance-fr-urn-urn-sandre-donnees-regionhydro-reu-ressource-2012-html~~1,,,,
http-www-sandre-eaufrance-fr-urn-urn-sandre-donnees-planeau-reu-ressource-2012-html,Bodies of water - Reunion 2012 - BD Carthage,Union européenne,🇪🇺,dcat,DEAL Réunion,https://data.europa.eu/data/datasets/http-www-sandre-eaufrance-fr-urn-urn-sandre-donnees-planeau-reu-ressource-2012-html,,,,
http-www-sandre-eaufrance-fr-urn-urn-sandre-donnees-entitehydrogeol-reu-ressource-2022-3-html,Entités Hydrogéologiques - Réunion,Union européenne,🇪🇺,dcat,Système d'Information sur l'Eau,https://data.europa.eu/data/datasets/http-www-sandre-eaufrance-fr-urn-urn-sandre-donnees-entitehydrogeol-reu-ressource-2022-3-html,,,,
http-www-sandre-eaufrance-fr-urn-urn-sandre-ensembledonnees-massedeau-reu-ressource-2010-vrap-html,Masses d'eau Réunion - Version Rapportage 2010,Union européenne,🇪🇺,dcat,BRGM,https://data.europa.eu/data/datasets/http-www-sandre-eaufrance-fr-urn-urn-sandre-ensembledonnees-massedeau-reu-ressource-2010-vrap-html,,,,
